name_id,name
100277,LYALL
100278,LYNN
100278,LYN
100278,LYNELL
100278,LYNELLE
100278,LYNETH
100278,LYNETTE
100278,LYNNE
100278,LYNNETTE
100279,MABEL
100279,MABBS
100279,MABLE
100279,MABS
100279,MAYBEL
100280,MADELENE
100280,MAD
100280,MADYLON
100281,MADRONA
100281,MADRA
100282,MAGDALENE
100282,MAGDA
100282,MALENA
100283,MAJA
100283,MAIYA
100284,MALLORY
100284,MALLY
100285,MARA
100285,MARALA
100286,MARCEL
100286,MARC
100286,MARCENE
100286,MARCHA
100286,MARCINE
100286,MARCUS
100286,MARK
100286,MARKUS
100286,MARSHA
100287,MARDELLA
100287,MARDI
100288,MARGARET
100288,GREETA
100288,GRETA
100288,MADGE
100288,MAGGIE
100288,MAGGY
100288,MARG
100288,MARGARETA
100288,MARGARETHE
100288,MARGARETHA
100288,MARGARETTA
100288,MARGARITA
100288,MARGIE
100288,MARGO
100288,MARGOT
100288,MARGRET
100288,MARGUERITE
100288,MEAGAN
100288,MEG
100288,MEGAN
100288,MEGGIE
100288,MEGGY
100288,MEGHAN
100288,MEGS
100288,META
100288,METTA
100288,PEG
100288,PEGGIE
100288,PEGGY
100289,MARILYN
100289,MARYLYN
100289,MARYLYNN
100289,MARYLYNNE
100291,MARGERIE
100291,MARGERY
100291,MARJ
100291,MARJA
100291,MARJORIE
100292,MARLENE
100292,MARLA
100292,MARLO
100292,MARLOW
100292,MARLY
100292,MARLYN
100292,MARLYNE
100293,MARNIA
100293,MARINA
100294,MARTHA
100294,MARTA
100294,MARTHE
100294,MERTA
100294,MERTHIA
100295,MARTIN
100295,CATHERINE
100295,CHRISTOPHER
100295,MARTEL
100295,MARTHA
100295,MARTY
100295,MARTYN
100295,TEENA
100295,TENA
100295,TINA
100295,TINAH
100295,TINO
100296,MARY
100296,MAIR
100296,MAIRE
100296,MAIRI
100296,MALIA
100296,MALIN
100296,MALYN
100296,MARIA
100296,MARIE
100296,MARIETTA
100296,MARIETTE
100296,MARISA
100296,MARISE
100296,MARYA
100296,MHAIRI
100296,MIMI
100296,MIRI
100297,MATHEW
100297,MAT
100298,MATILDA
100298,MATYA
100298,TILDA
100298,TILLA
100298,TILLY
100299,MAUDINE
100299,MAUD
100299,MAUDE
100300,MAUREEN
100300,MAURAYNE
100300,MAURICE
100300,MO
100300,MOE
100300,MOIRA
100300,MORLEY
100301,MAURICE
100301,MAUR
100301,MOR
100301,MORRICE
100301,MORRIS
100301,MORRISON
100301,MORRYS
100301,MORSE
100302,MAVIS
100302,MAE
100302,MAIS
100302,MAISI
100302,MAIZI
100302,MAIZIS
100302,MAY
100302,MAYE
100302,MEAVE
100303,MAXINE
100303,MAXIMILLIAN
100303,MAXWELL
100304,MAXWELL
100304,MAX
100305,MAZEL
100305,MAZERELLA
100305,MAZERINA
100306,MCLAUGHLIN
100306,MCLAUGHL
100307,MELANIE
100307,MEL
100307,MELAINA
100307,MELAINE
100307,MELANE
100307,MELANTA
100307,MELANTHA
100307,MELENA
100307,MELINA
100307,MELICENT
100307,MELISSA
100307,MELODY
100307,MELVIN
100308,MELICENT
100308,MELLICENT
100260,LY
100308,MILLEY
100308,MILLICENT
100308,MILLIE
100308,MILLIS
100308,MILLY
100308,MYLLE
100309,MELISSA
100309,MELISSIA
100309,MELITA
100309,MELITTA
100309,MELLISSIA
100310,MELODY
100310,MELODIA
100310,MELODIE
100311,MELVIN
100311,MALVIN
100311,MALVINA
100311,MELL
100311,MELVENE
100311,MELVA
100311,MELVINA
100311,MELVILLE
100311,MELVYN
100312,MERRICK
100312,MEYRICK
100313,MERVIN
100313,MERVYN
100313,MERWIN
100313,MERWYN
100314,MEYER
100314,MYER
100315,MEYERS
100315,MYERS
100316,MICHAEL
100316,MICK
100316,MIK
100316,MIC
100316,MICA
100316,MICHELINE
100316,MIGUEL
100316,MISHA
100316,MISHKA
100316,MYCALA
100316,MYKEL
100316,MYKELA
100317,MILES
100317,MILO
100317,MYLES
100318,MIRA
100318,MYRA
100318,MYRETTE
100319,MIRANDA
100319,MERANDA
100319,MIRADA
100320,MIRELLA
100320,MIRABEL
100320,MIRABELLA
100320,MIRABELLE
100321,MISSY
100321,MISA
100322,MITCHELL
100322,MITCH
100323,MOHAMMAD
100323,MOHD
100324,MOIRA
100324,MHORA
100324,MOIR
100324,MORAG
100324,MOYA
100324,MOYR
100324,MOYRA
100325,MONICA
100325,MONIQUE
100326,MONTGOMERY
100326,MONT
100327,MORTIMER
100327,MORT
100327,MORTY
100328,MURIEL
100328,MERIS
100328,MERRIE
100328,MERRIS
100328,MERRY
100328,MERRYN
100328,MERYL
100328,MYRL
100329,MURTAGH
100329,MURDACH
100329,MURDO
100330,NADINE
100330,NADA
100330,NADIA
100330,NADYA
100331,NANCY
100331,NAN
100331,NANCE
100331,NANCIE
100331,NANI
100331,NANINE
100331,NANETTE
100331,NANNETTE
100331,NINETTA
100331,NINETTE
100331,NINKA
100332,NATALIE
100332,NAT
100332,NATA
100332,NATACHA
100332,NATASHA
100332,NATE
100332,NATHAN
100332,NATHANIEL
100332,TACHA
100332,TASHA
100332,TASHIA
100333,NEIL
100333,CORNELIA
100333,CORNELIUS
100333,CORNEY
100333,NEAL
100333,NEILSON
100333,NIELSON
100333,NILS
100334,NERISSA
100334,NERIDA
100334,NERITA
100335,NEVILLE
100335,NEVYL
100336,NICHOLAS
100336,NIC
100336,NICK
100336,NIK
100336,NICOLAS
100336,NICOLETTA
100336,NICOLETTE
100337,NILA
100337,NYLA
100338,NIVEN
100338,NEVIN
100339,NOELLA
100339,NOELEEN
100339,NOELINE
100339,NOLEEN
100340,NOLAN
100340,NOLA
100341,NORMAN
100341,NORM
100341,NORRIE
100342,OAKLEY
100342,OAKLEIGH
100343,OBERON
100343,AUBERON
100344,OCEAN
100344,OCEA
100345,OCTAVIAN
100345,OCTAVIA
100345,OCTAVIANO
100345,OCTAVIO
100345,OCTAVIUS
100346,OLEH
100346,OLE
100347,OLIVIA
100347,LIV
100347,OL
100347,OLIV
100347,OLIVE
100348,OLWEN
100348,ALWEN
100348,OLWYN
100349,OSWALD
100349,OS
100349,OZ
100349,OSBERT
100349,OSBORN
100349,OSCAR
100349,OSMOND
100349,OZORA
100350,OTTILIA
100350,OTT
100350,OTHAN
100350,OTTAVIO
100350,OTTAVIUS
100350,OTTOLINA
100350,OTTONE
100350,OTTORINO
100351,PAMELA
100351,PAM
100352,PATRICIA
100352,LATISHA
100352,LETITIA
100352,LETTICE
100352,LETTY
100352,PADDINA
100352,PATIA
100352,PATIENCE
100352,PATSY
100352,PATRICE
100352,PATRISHA
100352,TISH
100352,TISHA
100352,TRECIA
100352,TRICIA
100352,TRISH
100352,TRISHA
100352,TRYCIA
100353,PATRICK
100353,PADDIE
100353,PADDY
100353,PADRAIG
100353,PAT
100353,PATRICIA
100353,PATRIK
100353,PATRIKA
100353,PATTI
100353,PATTIE
100353,PATTY
100354,PAULINE
100354,PAULA
100354,PAULETTE
100355,PEARCE
100355,PEARSON
100355,PIERS
100356,PENELOPE
100356,PEN
100357,PERCIVAL
100357,PERCY
100357,PERZY
100358,PETER
100358,PEDRO
100358,PEDROE
100358,PEREGRINE
100358,PERRINE
100358,PERRY
100358,PETRA
100358,PETRINA
100358,PIETRO
100359,PHILIP
100359,PIP
100359,FLIP
100359,FLISS
100359,PHILIS
100359,PHILLIDA
100359,PHYLLIDA
100001,AARON
100001,AHRON
100001,ERIN
100002,ABDUL
100002,AB
100002,ABDLE
100002,ABDOU
100002,ABDUH
100002,ABDULLA
100002,ABDULLAH
100003,ABEL
100003,ABE
100004,ABIGAIL
100004,ABAGAYLE
100004,ABBIE
100004,ABBEY
100004,ABBY
100004,ABIGAYLE
100004,GAIL
100005,ABRAHAM
100005,ABDUL
100005,ABEL
100005,ABNER
100005,ABRAM
100005,BRAM
100006,ABRAMSON
100006,ABRAMS
100007,ADELINE
100007,ADALINE
100007,ADELA
100007,ADELE
100007,ADELENE
100007,ADELETTE
100007,ADELIA
100007,DELLE
100007,DELLENE
100008,ADOLPH
100008,ADOLF
100008,ADOLPHUS
100009,ADRIAN
100009,ADRIA
100009,ADRIANA
100009,ADRIANNE
100009,ADRIENNE
100010,ADVINCULA
100010,ADVINCUL
100011,AGNES
100011,AG
100011,AGGIE
100011,AGNEATHA
100011,AGNETA
100011,AGNETTA
100011,AGNITA
100011,NESHA
100011,NESS
100011,NESSA
100011,NESSIE
100011,NESSY
100011,NESTA
100012,AGUILAR
100012,AGUILA
100013,ALBERT
100013,ALBERTA
100013,ALBERTE
100013,ALBERTO
100013,ALPERT
100014,ALEXANDER
100014,AL
100014,ALASDAIR
100014,ALASDAIRE
100014,ALASTAIR
100014,ALASTAIRE
100014,ALBERT
100014,ALEC
100014,ALEJANDRO
100014,ALEK
100014,ALEKANDER
100014,ALEKSANDER
100014,ALESSANDRA
100014,ALESSANDRO
100014,ALEX
100014,ALEXA
100014,ALEXANDE
100014,ALEXANDRA
100014,ALEXANDRIA
100014,ALEXIS
100014,ALEXSANDER
100014,ALFRED
100014,ALICE
100014,ALISDAIR
100014,ALISDAIRE
100014,ALISTAIR
100014,ALISTAIRE
100014,ALIX
100014,ALLEN
100014,ALLISON
100014,ALPHONSE
100014,ALVIN
100014,BERTRAM
100014,BURTON
100014,CASSANDRA
100014,EGBERT
100014,FREDERICK
100014,HERBERT
100014,LEX
100014,LEXA
100014,LEXI
100014,LEXIE
100014,LEXIS
100014,LEXY
100014,SACHA
100014,SANDERS
100014,SANDIS
100014,SANDOR
100014,SANDORA
100014,SANDRA
100014,SASHA
100014,SASCHA
100014,SAUNDERS
100014,SAUNDRA
100015,ALFRED
100015,ALFREDO
100016,ALICE
100016,ALECIA
100016,ALICIA
100016,ALISA
100016,ALISE
100016,ALYS
100016,ELKA
100016,ELKE
100016,ELKIE
100016,LECIA
100017,ALLEN
100017,ALAN
100017,ALANA
100017,ALANNA
100017,ALANNAH
100017,ALAYNA
100017,ALENA
100017,ALENE
100017,ALLAN
100017,LANA
100017,LANNA
100017,LANNAH
100017,LLANA
100018,ALLISON
100018,ALISON
100018,ALLYSON
100018,ALLYSSON
100018,ALYSON
100019,ALPHONSE
100019,ALF
100019,ALFANSE
100019,ALFANSO
100019,ALFONSE
100019,ALFONSO
100019,ALONSO
100019,ALONZO
100019,ALPHONSO
100019,LON
100019,LONNIE
100019,LONNY
100020,ALVIN
100020,ALVENA
100020,ALVINA
100020,ALVON
100020,ALVYN
100020,ELVIN
100020,ELVINA
100020,ELVIS
100020,ELVY
100020,ELWIN
100020,ELWYN
100021,AMANDA
100021,AM
100021,MAND
100022,AMELIA
100022,AMELI
100023,ANASTASIA
100023,EUSTACE
100023,STACEY
100023,STACI
100023,STACIA
100023,STACIE
100023,STACY
100023,STASIA
100023,STASSIA
100024,ANDREW
100024,AND
100024,ANDOR
100024,ANDRA
100024,ANDRAS
100024,ANDREA
100024,ANDRIANA
100024,ANDRIANES
100024,ANDRIANI
100024,DANDO
100024,DANDY
100024,DREW
100024,DRU
100024,DRUE
100024,TANDY
100025,ANGELA
100025,ANG
100025,ANGEL
100025,ANGELICA
100025,ANGELIKA
100025,ANGELINA
100025,ANGELINE
100025,ANGELITA
100025,ANJELICA
100025,ANJELIKA
100026,ANNETTE
100026,AN
100026,ANA
100026,ANN
100026,ANNA
100026,ANNE
100026,ANNIE
100026,ANETTE
100026,ANITA
100026,ANNINA
100026,NENA
100026,NENE
100026,NENIA
100026,NINA
100026,NITA
100027,ANTHONY
100027,AGNES
100027,ANNETTE
100027,ANTOINE
100027,ANTOINETTE
100027,ANTON
100027,ANTONIA
100027,ANTONIO
100027,ANTONITA
100027,NANCY
100027,ONI
100027,ONITA
100027,TANIA
100027,TANJA
100027,TANYA
100027,TATANIA
100027,TATANYA
100027,TONEY
100027,TONI
100027,TONIA
100027,TONY
100027,TONINA
100027,TONJA
100027,TONYA
100027,VANESSA
100028,APRAHAMIAN
100028,APRAHAMI
100029,APRIL
100029,AVRIL
100030,ARAMINTA
100030,AMINTA
100030,MENTIE
100030,MENTY
100030,MINTY
100031,ARCHIBALD
100031,ARCH
100032,ARETHA
100032,RETHA
100033,ARNOLD
100033,ARN
100033,ARNALDO
100034,ARTHUR
100034,ART
100034,ARTURO
100035,AUGUSTINE
100035,AUGUST
100035,AUGUSTA
100036,AUGUSTUS
100036,GUS
100036,AUGUSTINE
100036,GUSTOV
100037,AZUBA
100037,AZUBAH
100037,ZUBA
100038,BARBARA
100038,BARB
100038,BABS
100038,BARBARELLA
100038,BARBARETTA
100038,BARBARINA
100038,BARBRA
100038,BEBE
100039,BARNABY
100039,BARN
100040,BARRON
100040,BARON
100041,BARTLETT
100041,BART
100042,BASIL
100042,BAS
100042,BAZ
100043,BAUMANN
100043,BAUMAN
100044,BEATRICE
100044,TRIX
100044,BEA
100044,BEATRIX
100044,BEATY
100045,BELINDA
100045,BALINDA
100045,LIN
100045,LINDA
100045,LINDEY
100045,LINDI
100045,LINDIE
100045,LINDY
100045,LINNIE
100045,LYN
100045,LYNDA
100045,VALINDA
100046,BENJAMIN
100046,BEN
100046,BENJI
100046,BENJY
100046,BENOIS
100047,BERJIKIAN
100047,BERJIKIA
100048,BERKOWITZ
100048,BERKOWIT
100049,BERNARD
100049,BERN
100049,BERNH
100049,BARNAD
100049,BERNADETTE
100049,BERNADINE
100049,BERNARDI
100049,BERNARDINE
100049,BERNARDO
100049,BERNETTA
100049,BERNETTE
100050,BERNSTEIN
100050,BERNSTEI
100051,BEVERLEY
100051,BEV
100052,BONNIE
100052,BONNI
100053,BRADLEY
100053,BRAD
100053,BRADFORD
100054,BRAVERMAN
100054,BRAVERMA
100055,BRENDA
100055,BRENNA
100056,BRENTON
100056,BRENT
100057,BRIAN
100057,BRIANDT
100057,BRIANT
100057,BRYAN
100057,BRYANDT
100057,BRYANT
100057,BRYEN
100057,BRYN
100057,BRYNA
100057,BRYNN
100057,BRYON
100058,BRIDGET
100058,BRID
100058,BRIT
100058,BRIDGETTE
100058,BRIGETTE
100058,BRIGID
100058,BRIGIT
100059,BRODERICK
100059,BROD
100059,BROD
100059,BRODERIC
100060,BRUCE
100060,BRUSE
100061,BUCKLEY
100061,BUCK
100062,BUDDY
100062,BUD
100063,BURTON
100063,BERT
100063,BERTON
100063,BURT
100064,BUSTAMANTE
100064,BUSTAMAN
100065,CAMPBELL
100065,CAMBELL
100066,CANDICE
100066,CAND
100066,CANDIS
100066,CANDYCE
100067,CARMEL
100067,CARMELINA
100067,CARMELINE
100067,CARMELITA
100067,CARMELITTA
100067,CARMEN
100067,MINA
100067,MINNA
100067,WILHELMENA
100067,WILHELMIA
100067,WILHELMINA
100067,WILHELMINE
100067,WILHEMENA
100067,WILHEMIA
100067,WILHEMINA
100067,WILHEMINE
100068,CARMEN
100068,CARMINA
100068,CARMINE
100068,KARMEN
100069,CAROLINE
100069,CAR
100069,KAR
100069,KER
100069,CARALYN
100069,CAROL
100069,CAROLE
100069,CAROLYN
100069,CAROLYNN
100069,CAROLYNNE
100069,KAROLYN
100069,KAROLYNN
100069,KAROLYNNE
100069,LINA
100070,CASSANDRA
100070,CASANDRA
100070,CASS
100070,CASSIE
100070,CASSY
100070,KASANDRA
100071,CATHERINE
100071,CAITLIN
100071,CAT
100071,CATH
100071,CATHARINE
100071,CATHIE
100071,CATHLEEN
100071,CATHRYN
100071,CATHY
100071,CATLIN
100071,CATLYN
100071,CATLYNN
100071,KAT
100071,KATARINA
100071,KATE
100071,KATEY
100071,KATH
100071,KATHARINE
100071,KATHERINE
100071,KATHIE
100071,KATHLEEN
100071,KATHRYN
100071,KATHY
100071,KATI
100071,KATIE
100071,KATLIN
100071,KATLYN
100071,KATLYNN
100071,KATRINA
100071,KATY
100071,KETTY
100071,KIT
100071,KITTA
100071,KITTY
100071,TREENA
100071,TRENA
100071,TRENNA
100071,TRINA
100072,CEASAR
100072,CESAR
100073,CECILIA
100073,CECIL
100073,CIS
100073,CELIA
100073,CESILY
100073,CICELY
100073,CICLE
100073,CISSEL
100073,SEELIA
100073,SELIA
100073,ZAZILIE
100074,CEDRIC
100074,ZEDRIC
100075,CENA
100075,XENA
100075,XENIA
100076,CHADWICK
100076,CHAD
100077,CHARLES
100077,CHARL
100077,CHUCK
100077,CARL
100077,CARLETON
100077,CARLO
100077,CARLOS
100077,CARLOF
100077,CARLSON
100077,CARLTON
100077,CHAS
100077,CHAZ
100077,CHUCK
100077,KARL
100078,CHARLOTTE
100078,CARLA
100078,CARLANA
100078,CARLEEN
100078,CARLENE
100078,CARLETTA
100078,CARLI
100078,CARLIE
100078,CARLY
100078,CARTLEY
100078,CHARLA
100078,CHARLAINE
100078,CHARLAYNE
100078,CHARLEEN
100078,CHARLENE
100078,CHATTY
100078,KARLA
100078,KARLI
100078,KARLY
100078,LENE
100078,LOTTI
100078,LOTTY
100078,SHAR
100078,SHARLA
100078,SHARLENE
100078,TOTI
100078,TOTTI
100078,TOTTY
100079,CHARMAINE
100079,CHAR
100079,SHARMAIN
100079,SHARMAINE
100080,CHERYL
100080,CHER
100080,CHERALYN
100080,CHERIL
100080,CHERILENE
100080,CHERILYN
100080,CHERRIL
100080,CHERRILYN
100080,CHERYLYN
100080,SCHERRY
100080,SHARON
100080,SHEREEN
100080,SHERENE
100080,SHERILYN
100080,SHERRILYN
100080,SHERYL
100080,SHERYLYN
100081,CHESTER
100081,CHET
100082,CHRISTINE
100082,KRISTA
100082,KRISTINA
100082,KRISTINE
100083,CHRISTOPHER
100083,CHRIS
100083,CHRISTEN
100083,CHRISTIAN
100083,CHRISTIE
100083,CHRISTINA
100083,CHRISTINE
100083,CHRISTOPH
100083,CHRISTY
100083,CRYSTAL
100083,KRIS
100083,KRISTEN
100083,KRISTI
100083,KRISTIAN
100083,KRISTIE
100083,KRISTIN
100083,KRISTOPHER
100083,KRISTY
100083,KRYS
100083,KRYSTAL
100083,KRYSTEL
100083,KRYSTINA
100083,KRYSTLE
100084,CINDY
100084,CINDA
100084,CINDE
100084,CINDEE
100084,CINDEY
100084,CINDERINA
100084,CINDERELLA
100084,CINDERETTA
100084,CINDI
100084,CINDIA
100084,CINDIE
100084,CYNDA
100084,CYNDE
100084,CYNDEE
100084,CYNDEY
100084,CYNDI
100084,CYNDIA
100084,CYNDIE
100084,CYNDY
100084,CYNTHIA
100084,GINDY
100084,SYNDA
100084,SYNDE
100084,SYNDEE
100084,SYNDEY
100084,SYNDI
100084,SYNDIA
100084,SYNDIE
100084,SYNDY
100085,CLAIRE
100085,BELLA
100085,BELLE
100085,CLAIRISE
100085,CLAIRISSE
100085,CLAIRRIE
100085,CLARA
100085,CLARABELLE
100085,CLARAN
100085,CLARE
100085,CLAREE
100085,CLARI
100085,CLARICE
100085,CLARISSA
100085,CLARISSE
100085,CLARRI
100085,CLARRIE
100085,CLARRY
100085,CLARY
100085,CLARYCE
100085,ISABEL
100086,CLARK
100086,CLARKE
100087,CLAUDINE
100087,CLAUD
100087,CLAUDELLE
100087,CLAUDETTE
100087,CLAUDIUS
100088,CLAUS
100088,CLAUSE
100088,KLAUSE
100089,CLAYTON
100089,CLAY
100089,CLAYBORN
100089,CLAIBOURNE
100090,CLEMENT
100090,CLEM
100090,CLEMENCE
100091,CLIFFORD
100091,CLIF
100091,CLIFF
100091,CLIFTON
100092,CLINTON
100092,CLINT
100093,CLORIS
100093,CHLORIS
100094,CLOTILDE
100094,CLO
100095,COHEN
100095,COHAN
100095,COHN
100096,COLMAN
100096,COLE
100097,CONCANNON
100097,CONCANNO
100098,CONSTANTINE
100098,CON
100098,CONN
100098,CONNIE
100098,CONNOR
100098,CONRAD
100098,CONSTANCE
100098,COSTIN
100098,KONRAD
100098,STANZA
100098,STANZI
100099,CORRINE
100099,COR
100099,KOR
100099,CORAL
100099,CORETTE
100099,CORISSA
100099,CORITA
100099,CORITTA
100100,CRICHTON
100100,CREIGHTON
100101,CURT
100101,CURTIS
100102,CYBIL
100102,CIBYL
100102,SIBBY
100102,SIBELLA
100102,SIBELLE
100102,SIBYL
100102,SYBEL
100102,SYBELLA
100102,SYBELLE
100102,SYBIL
100102,SYBILLE
100103,CYRIL
100103,CY
100103,CYRUS
100104,DANIEL
100104,DAN
100104,DANETTA
100104,DANETTE
100104,DANFORTH
100104,DANICA
100104,DANIKA
100104,DANITA
100104,DANITRA
100104,DAYNA
100105,DARIUS
100105,DARIAN
100105,DARIEN
100106,DARLYN
100106,DARLIN
100107,DARREN
100107,DARYN
100107,DERYN
100108,DARRYL
100108,DAROL
100108,DARREL
100108,DARRELL
100108,DARRY
100108,DARYL
100109,DAVID
100109,DAF
100109,DAV
100109,DEW
100109,TAF
100109,DAEVID
100109,DAFFYD
100109,DAFYD
100109,DAVEEN
100109,DAVENE
100109,DAVINA
100109,DAVITA
100109,DAVIS
100109,DAYVID
100109,DIVINA
100110,DEBORAH
100110,DEB
100110,DEBERRA
100110,DEBRA
100110,DEBS
100110,DEVORA
100110,DEVORAH
100110,DEVRA
100111,DEIDRE
100111,DEED
100111,DEID
100111,DEIRDRE
100111,DIERDRE
100112,DELILAH
100112,DAL
100112,DALLACE
100112,DALLAS
100112,DAYLE
100113,DELISA
100113,DELICE
100113,DELICIA
100113,DELYS
100113,LOLA
100113,LOLITA
100113,LOLLY
100114,DELMA
100114,DEL
100114,DELBERT
100114,FIDELMA
100114,HARDEL
100115,DELPHINE
100115,DELPHI
100116,DELSIE
100116,DULCIE
100117,DENNIS
100117,DEN
100117,DEN
100117,DENESE
100117,DENICE
100117,DENISE
100117,DENNEY
100117,DENNIE
100117,DENNY
100118,DERRICK
100118,DEREK
100118,DERI
100118,DERIC
100118,DERIK
100118,DERRY
100118,DERYC
100118,DERYK
100119,DESMOND
100119,DES
100119,DESI
100119,DESIREE
100119,DEZO
100120,DEVIN
100120,DEV
100120,DEVINDA
100120,DEVLIN
100121,DEXTER
100121,DEX
100121,DEXY
100122,DIANA
100122,BIANA
100123,DIANE
100123,DEN
100123,DYAN
100123,DEE
100123,DI
100123,DIAHANN
100123,DIONARA
100123,DIONELLA
100123,DIONETTA
100123,DYNAH
100124,DILLON
100124,DILL
100124,DYLAN
100125,DOMINGUEZ
100125,DOMINGUE
100126,DOMINIC
100126,DOM
100126,DOMI
100127,DONALD
100127,DON
100127,DONAH
100127,DONAL
100127,DONAVAN
100127,DONOVAN
100128,DORIS
100128,DOR
100129,DOROTHEA
100129,DOLLY
100129,DORA
100129,DOREEN
100129,DORENE
100129,DORINE
100129,DORO
100129,DOROTHY
100130,DOROTHY
100130,DOT
100131,DOUGAL
100131,DUG
100132,DOUGLAS
100132,DOOGIE
100132,DOUG
100132,DOUGAL
100133,DUANE
100133,DUWAYNE
100133,DWAYNE
100133,WAYNE
100134,DUSTIN
100134,DUNSTAN
100135,EARL
100135,ERLE
100136,EBENEZER
100136,EB
100136,EBEN
100137,EDITH
100137,EDIE
100137,EDITA
100137,EDYTH
100138,EDWARD
100138,ED
100138,EDDIE
100138,EDDY
100138,EDMOND
100138,EDMUND
100138,EDUARD
100138,EDUARDO
100138,EDVARD
100138,EDWIN
100138,EDWINA
100138,NED
100138,TED
100138,TEDDIE
100138,TEDDY
100138,THEO
100138,THEODOR
100138,THEODORA
100138,THEODORE
100138,THEODORUS
100139,EILEEN
100139,AILEEN
100139,AILENE
100139,AYLEEN
100139,EILLEN
100139,ILEEN
100139,ILEN
100139,ILENE
100140,ELAINE
100140,ELAYNE
100141,ELEANOR
100141,ELLEN
100141,HELEN
100141,LENOR
100141,LENORA
100141,LENORE
100141,LEONORA
100141,LINORE
100141,NORA
100141,NORAH
100141,NOREEN
100141,NORENE
100141,NORINA
100141,NORINE
100142,ELIJAH
100142,ELI
100142,ELIAS
100143,ELIZABETH
100143,BES
100143,BET
100143,BETS
100143,LIB
100143,LIS
100143,LIZ
100143,BETH
100143,BETINA
100143,BETTINA
100143,BETTS
100143,ELISA
100143,ELISE
100143,ELISSA
100143,ELIZA
100143,ELIZBETH
100143,ELSA
100143,ELSE
100143,ELSBETH
100143,ELSPETH
100143,ELSPET
100143,ELYSE
100143,LEESA
100143,LEEZA
100143,LEISA
100143,LETHA
100143,LIESA
100143,LISABETH
100143,LISBETH
100143,LISETTE
100143,LIZBETH
100143,LYSETTE
100143,TETTY
100144,ELLEN
100144,ELA
100144,ELEA
100144,ELEANA
100144,ELENA
100144,ELEENA
100144,ELENI
100144,ELIN
100144,ELLA
100144,ELLAN
100144,ELLE
100144,ELLENA
100144,ELLI
100144,ELLIE
100144,ELLON
100144,ELLY
100144,ELLYN
100144,ELYNA
100145,ELLIOTT
100145,ELIOT
100145,ELLIOT
100146,ELLIS
100146,ELISHA
100146,ELLICE
100147,ELMER
100147,ALMA
100147,ALMER
100147,AYLMER
100148,ELOISE
100148,HELOISA
100148,HELOISE
100149,ELROY
100149,ROY
100150,EMMANUEL
100150,MAN
100150,EMANUEL
100150,IMMANUEL
100150,MANNIE
100150,MANNY
100150,MANUAL
100150,MANUEL
100150,MANUELA
100151,EMMELINE
100151,EM
100151,EMELYN
100151,EMER
100151,EMERE
100151,EMERSON
100151,EMILY
100151,EMMA
100151,EMMANUEL
100151,EMMERSON
100151,EMMERT
100151,EMMET
100151,EMMETT
100151,MANGIT
100151,MANJIT
100152,ERIC
100152,RICHARD
100153,ERMA
100153,IRMA
100154,ERNEST
100154,EARN
100154,ERN
100154,EARNEST
100154,ERNESTO
100154,ERNST
100155,ERWIN
100155,ERVIN
100155,IRWIN
100156,ESPINOSA
100156,ESPINOZA
100157,ESTELLE
100157,STELLA
100157,STELLAN
100158,ESTHER
100158,HET
100158,ESTA
100158,ESTE
100158,ESTER
100158,HESTER
100159,ETHEL
100159,ETH
100159,ETHL
100160,EUGENE
100160,GENE
100161,EUNICE
100161,UNICE
100162,EUPHEMIA
100162,EPHIE
100162,PHEMIE
100163,FELICE
100163,FELICITY
100164,FLEMING
100164,FLEMMING
100165,FLORENCE
100165,FLO
100165,FLORA
100165,FLOREEN
100165,FLORETTA
100165,FLOS
100165,FLOSSIE
100165,FLOSSY
100165,FLOY
100166,FRANCIS
100166,FAN
100166,FANNIE
100166,FANNY
100166,FRACHESCA
100166,FRAN
100166,FRANCELLA
100166,FRANCENE
100166,FRANCES
100166,FRANCESCA
100166,FRANCETTE
100166,FRANCEY
100166,FRANCHESKA
100166,FRANCIE
100166,FRANCISKA
100166,FRANCINE
100166,FRANCO
100166,FRANCOIS
100166,FRANCOISE
100166,FRANCY
100166,FRANK
100166,FRANKIE
100166,FRANKLIN
100166,FRANKO
100166,FRANKY
100166,FRANNIE
100166,FRANNY
100166,FRANZ
100166,STEFANIE
100166,STEVEN
100167,FREDERICK
100167,FRED
100167,FREDDI
100167,FREDDIE
100167,FREDDY
100167,FREDERIC
100167,FREDRIC
100167,FREDRICK
100167,FREDRIK
100168,GABRIEL
100168,GAB
100168,GAVRIELLE
100168,GEBRIEL
100169,GAE
100169,GAY
100170,GAIL
100170,GAEL
100170,GAELLE
100170,GAILA
100170,GALE
100170,GAYLA
100170,GAYLE
100171,GENEVIEVE
100171,JENAVEE
100172,GEOFFREY
100172,GEF
100172,GEOF
100172,GEOFF
100172,JEFFREY
100172,JEOFF
100172,JEOFFREY
100173,GEORGE
100173,GEO
100173,GIORGIO
100174,GEORGINA
100174,GEENA
100174,GENA
100174,GEORDIE
100174,GEORGE
100174,GEORGES
100174,GEORGETTE
100174,GEORGIA
100174,GEORGIE
100174,GEORGY
100174,GINA
100174,GINI
100174,GINNI
100174,GINNIE
100174,GINNY
100174,GINY
100174,JINNY
100174,REGINA
100174,REGINALD
100174,VIRGINIA
100175,GERALD
100175,GARRIE
100175,GARRY
100175,GARY
100175,GERALDINE
100175,GERALDO
100175,GERRI
100175,GERRIE
100175,GERRY
100175,JERALD
100175,JERALDINE
100175,JERE
100175,JERI
100175,JERIE
100175,JEROLD
100175,JERRALD
100175,JERRI
100175,JERRIE
100175,JERROD
100175,JERROLD
100175,JERRY
100175,JERY
100176,GERTRUDE
100176,TRUD
100176,GERTIE
100177,GILBERT
100177,GIL
100177,GILBERTO
100178,GINGER
100178,JINGA
100179,GLENIS
100179,GLEN
100179,GLENISE
100179,GLENN
100179,GLENNA
100179,GLENYS
100179,GLYN
100179,GLYNN
100179,GLYNNIS
100180,GLORIA
100180,GLORIETTE
100181,GOLDFEIN
100181,GOLDFINE
100182,GOLDIE
100182,GOLDA
100183,GORDON
100183,GORD
100184,GRACE
100184,GRACIE
100184,GRACEY
100185,GRAHAM
100185,GRAEME
100185,GRAYAM
100186,GREENBERG
100186,GREENBER
100187,GREENWALD
100187,GREENWAL
100188,GREGORY
100188,GREG
100188,GREGOR
100189,GRIFFITH
100189,GRIFF
100190,GWENDOLYN
100190,GWEN
100190,GWENDA
100190,GWENDOLINE
100190,GWENETH
100190,GWENITH
100190,GWENIVER
100190,GWENIVERE
100190,GWENYTH
100191,HANNAH
100191,HAN
100191,HANITA
100192,HAROLD
100192,HARALD
100192,HARRY
100192,HARRI
100192,HARRIE
100192,HARRIET
100192,HARRIETT
100192,HARRIETTE
100192,HARRO
100192,HARROLD
100192,HAT
100192,HATTIE
100192,HATTY
100192,HERALD
100192,HERALDO
100192,HETTA
100192,HETTIE
100192,HETTY
100193,HARVEY
100193,HARV
100194,HELEN
100194,HELENE
100194,HELINA
100194,HELLEN
100194,NEL
100194,NELLIE
100195,HENRIK
100195,ENRI
100195,ENRICA
100195,ENRICO
100195,ENRIQUE
100195,ENRIQUETA
100195,ENRIQUITO
100195,HAL
100195,HANK
100195,HAROLD
100195,HENRY
100195,YETTA
100196,HERBERT
100196,HERB
100196,HERBIE
100196,HERBY
100196,HUBERT
100196,HEW
100196,HEWLETT
100196,HUB
100196,HUBBARD
100196,HUGH
100196,HUGHIE
100196,HUGHEY
100196,HUGHY
100196,HUGO
100197,HERMIONE
100197,HERMIA
100198,HESTER
100198,HEDDA
100198,HEDDY
100198,HEDY
100199,HILDA
100199,HILDEGARD
100199,HILDEGARDE
100263,LEM
100199,HILDER
100199,HILDERGARD
100199,HILDERGARDE
100200,HORACE
100200,HORATH
100200,HORATIO
100201,IAN
100201,EAN
100201,EOIN
100201,EON
100202,IMELDA
100202,MELDA
100203,INA
100203,ENA
100203,INES
100203,INEZ
100203,YNES
100203,YNEZ
100204,ISAAC
100204,IKE
100204,IZAAK
100205,ISABEL
100205,ISA
100205,ISABELLA
100205,ISABELLE
100205,ISOPEL
100205,ISSIE
100205,IZETTA
100205,YSABELLA
100206,ISADOR
100206,IZZY
100206,YSIDORA
100206,YSIDORE
100206,ZADORA
100207,IVAN
100207,IVA
100207,IVAH
100207,IVER
100207,IVOR
100207,YVAN
100208,JACOB
100208,JACOBS
100208,JAKE
100208,JAKO
100208,JEB
100209,JACQUELINE
100209,JACK
100209,JACALINE
100209,JACALYN
100209,JACKLENE
100209,JACKLYN
100209,JACQUELIN
100209,JACQUELYN
100209,JACQUETTA
100209,JACQUI
100209,JACQUIE
100209,JAQUELINE
100209,JAQUETTA
100210,JAMISON
100210,JAM
100210,JIM
100210,JAIME
100210,JAMES
100210,JAMESINA
100210,JAMIESON
100210,JAMISINA
100210,JAS
100210,JAYME
100210,JEMIMA
100211,JANET
100211,JAN
100211,JAINE
100211,JANERETTA
100211,JANERETTE
100211,JANICE
100211,JANSEN
100211,JANSON
100211,JANUARY
100211,JAYNE
100212,JANICE
100212,JANCY
100212,JANES
100212,JANEZ
100212,JANIS
100212,JANYCE
100212,JENESSA
100212,JENISE
100212,JONCY
100212,JONSY
100213,JAPHET
100213,YAPHET
100214,JARED
100214,JARRY
100215,JASON
100215,JACE
100215,JAY
100215,JAYSON
100216,JEAN
100216,JEANA
100216,JEANE
100216,JEANIE
100216,JEANETT
100216,JEANETTE
100216,JEANINE
100216,JEANNA
100216,JEANNE
100216,JEANNI
100216,JEANNIE
100216,JEANNY
100216,JEANNETTA
100216,JEANNETTE
100216,JEANNINE
100216,JENELLA
100216,JENET
100216,JENETTA
100216,JENNET
100217,JEDIDIAH
100217,GED
100217,JED
100218,JEFFREY
100218,JEF
100218,JEFF
100218,JEFFERSON
100218,JEFFERY
100219,JEMIMA
100219,GEM
100219,GEMMA
100219,JEM
100219,JEMMA
100219,JEMMY
100219,MIMA
100220,JENIFFER
100220,JEN
100220,JEFFIE
100220,JENYTH
100221,JERARD
100221,GARRARD
100221,GERARD
100221,GERRARD
100222,JEREMY
100222,GEREMY
100222,JEREMIAH
100222,JERMYN
100223,JESSICA
100223,JES
100223,YESSICA
100224,JOANNE
100224,JANNA
100224,JANNAH
100224,JOAN
100224,JOANIE
100224,JOANN
100224,JOANNA
100224,JOANNIE
100224,JOANY
100224,JOHANNA
100224,JOHANNE
100225,JOB
100225,JOBINA
100226,JOCELYN
100226,JOSCELINE
100226,JOSCELYN
100226,JOSLIN
100226,JOSLYN
100226,JOSSLYN
100227,JODY
100227,JOD
100227,JODETTE
100228,JOLANDA
100228,YOLA
100228,YOLANTA
100229,JOLENE
100229,JOLIE
100229,JOLYN
100229,JOLYNE
100230,JONAS
100230,JONAH
100230,YONA
100231,JONATHAN
100231,JACK
100231,JACKIE
100231,JACKY
100231,JACQUES
100231,JANITA
100231,JEAN
100231,JENITA
100231,JOANNE
100231,JOCK
100231,JOHANN
615,GEN
100231,JOHN
100231,JOHNATHON
100231,JOHNETTE
100231,JOHNNEY
100231,JOHNNIE
100231,JOHNNY
100231,JONATHAN
100231,JONATHON
100231,JONETTE
100231,JONI
100231,JONIE
100231,JONNEY
100231,JONNI
100231,JONNIE
100231,JONNY
100231,JONY
100231,JOSEPH
100231,JUAN
100231,JUANA
100231,JUANITA
100231,JUANITO
100232,JOSE
100232,YOSE
100233,JOSEPH
100233,JO
100233,JOE
100233,JOELLE
100233,JOEY
100233,JOSE
100233,JOSEF
100233,JOSEPHINE
100233,JOSETTE
100233,JOSIE
100233,JOSY
100234,JOSHUA
100234,JOSH
100234,JOSIAH
100235,JOY
100235,JOI
100235,JOIA
100235,JOIE
100236,JUDITH
100236,JUD
100236,JODY
100236,JORDAN
100236,JUDAH
100236,JUDAS
100236,JUDSON
100236,UTA
100236,YUTA
100236,YUTTA
100237,JULIA
100237,GULIA
100238,JULIAN
100238,GILES
100238,GILLIAN
100238,GILLY
100238,GYLES
100238,JILL
100238,JILLY
100238,JOLYAN
100238,JULE
100238,JULES
100238,JULIA
100238,JULIE
100238,JULIES
100238,JULY
100239,JUSTIN
100239,JUSTYN
100240,KAREN
100240,CARYN
100240,KARIN
100240,KARYN
100240,KERYN
100241,KAY
100241,KAYE
100242,KAYLE
100242,KAILE
100242,KELILA
100243,KEANE
100243,KEENAN
100244,KELLY
100244,KEL
100244,KALEY
100244,KAYLAY
100244,KAYLEIGH
100244,KEELEY
100244,KEELLAH
100244,KEELY
100244,KELLEYE
100245,KENDALL
100245,KENITH
100245,KENNETH
100245,KENNETT
100245,KENT
100245,KENTON
100246,KENNETH
100246,KEN
100247,KESHISHA
100247,KESHA
100247,KESHIA
100248,KEVIN
100248,KEV
100248,KEVA
100248,KEVERN
100248,KEVERNE
100249,KIMBERLY
100249,KIM
100249,KIMBALL
100249,KIMBLE
100249,KYM
100249,KYMBERLY
100249,KYMBERLEY
100249,KYMBLE
100250,KINGSLEY
100250,KING
100250,KINGSTON
100250,KINGSWOOD
100251,KIRAN
100251,KEIR
100251,KEIRA
100251,KIERA
100251,KYRAN
100252,LACEY
100252,LACI
100253,LANE
100253,LAYNE
100254,LAURA
100254,LARA
100254,LAUREN
100254,LAURETTA
100254,LAURI
100254,LAURIE
100254,LORA
100254,LORETTA
100254,LORETTE
100254,LORENZO
100254,LOREY
100254,LORI
100254,LORIS
100254,LORISSA
100254,LORRETTE
100254,LORRIE
100255,LAUREL
100255,LAURELIA
100255,LORAL
100255,LORELEI
100255,LORELL
100255,LORELLE
100256,LAVERNE
100256,VERN
100256,VERNE
100256,WARREN
100256,WARRENE
100256,WERNER
100257,LAVINA
100257,LAVVY
100257,VINCE
100257,VINCENT
100257,VINNIE
100257,VINNI
100257,VINNY
100258,LAWRENCE
100258,LARKIN
100258,LARRY
100258,LAURANCE
100258,LAURENCE
100258,LAURIER
100258,LAWRIE
100259,LAYTON
100259,LEIGHTON
100260,LEIGH
100260,ALEAH
100260,LEA
100260,LEAGH
100260,LEAH
100260,LEE
100260,LEIA
100260,LI
100260,LIA
100261,LEILA
100261,LAYLA
100261,LEYLA
100261,LYLA
100261,LYLAH
100262,LELAND
100262,LEYLAND
100263,LEMMY
100263,LEMUEL
100264,LEONARD
100264,LEN
100264,LENDA
100264,LENICE
100264,LENIS
100264,LEO
100264,LEON
100264,LEONARDO
100264,LEONA
100264,LEONE
100264,LEONIA
100264,LEOPOLD
100265,LESLEY
100265,LES
100265,LESTER
100266,LEVIN
100266,LEWIN
100267,LEWIS
100267,LEW
100267,LODOVIC
100267,LOUIS
100267,LOUISA
100267,LOUISE
100267,LOUIZE
100267,LU
100267,LUDOVIC
100267,LUIS
100267,LUIZ
100268,LILLIAN
100268,LIL
100268,LILEA
100269,LINDLEY
100269,LINDON
100269,LINLEY
100269,LINTON
100269,LYNDON
100269,LYNLEE
100269,LYNLEY
100269,LYNTON
100270,LINDSAY
100270,LINSAY
100270,LINZI
100270,LYNDSAY
100270,LYNN
100270,LYNSAY
100270,LYNSEY
100271,LLOYD
100271,LLOY
100272,LORRAINE
100272,LAURA
100272,LAUREL
100272,LAWRENCE
100273,LOUIS
100273,LOU
100274,LOUISE
100274,LOES
100274,LOIE
100274,LOIS
100275,LUCAS
100275,LUC
100275,LUK
100275,LUKE
100276,LUCIEN
100276,CINDY
100276,LICIUS
100276,LUCIA
100276,LUCIE
100276,LUCILLA
100276,LUCILLE
100276,LUCINDA
100276,LUCIS
100276,LUCY
100276,LULA
100276,LULU
100276,LUZINE
100277,LYLE
100277,LISLE
100359,PHYLLIS
100359,PHYLUS
100360,PRECILLA
100360,CILLA
100360,PRIS
100360,PRISCILLA
100361,PRICE
100361,PRYCE
100362,PRUDENCE
100362,PRU
100362,PRUE
100363,QUENTIN
100363,QUIN
100363,QUINCY
100363,QUINDA
100363,QUINN
100363,QUYNN
100364,RACHEL
100364,RAE
100364,RAQUEL
100364,RAYE
100365,RAFAEL
100365,RAF
100365,RAIFE
100365,RALF
100365,RALPH
100365,RALPHINA
100366,RALEIGH
100366,RAWLEY
100366,RAYLEY
100367,RALPH
100367,RAPH
100367,ROLF
100368,RANDALL
100368,MIRANDA
100368,RANDEE
100368,RANDI
100368,RANDIE
100368,RANDLE
100368,RANDOLPH
100369,RANDOLPH
100369,RANDY
100370,RAYMOND
100370,RAMAN
100370,RAMON
100370,RAMONA
100370,RAMOND
100370,RAY
100370,RAYBURN
100370,RAYFORD
100371,RAYNOR
100371,RAIN
100371,REIN
100371,RAINER
100371,RANA
100372,REBECCA
100372,BECK
100372,BEKI
100372,REB
100372,REBA
100373,REESE
100373,REECE
100373,REES
100373,RHYS
100374,REGINA
100374,GIA
100374,REGINE
100375,REGINALD
100375,REG
100375,REG
100375,REGGIE
100375,REGIS
100376,REMY
100376,REMI
100377,RENEE
100377,IRANA
100377,IRENA
100377,IRENE
100377,IRINA
100377,RENA
100377,RENATA
100377,RENE
100377,RENIE
100377,RENNIE
100377,RENNY
100377,RINA
100378,RHIAN
100378,RHIANNON
100378,RYAN
100379,RICHARD
100379,DICK
100379,RIC
100379,RICH
100379,RICK
100379,RIK
100379,RITCH
100379,DICKENS
100379,DICKON
100379,DICKSON
100379,DIKKEN
100379,RICCARDO
100379,RICARDA
100379,RICARDO
100379,RICHANDA
100379,RICHENDA
100379,RITCHARD
100380,ROBERT
100380,BOB
100380,ROB
100380,ROBERTA
100380,ROBERTO
100380,ROBERTSON
100381,ROCKLIN
100381,ROC
100381,ROCK
100381,ROCKNEY
100381,ROCKWELL
100381,ROK
100382,RODERICK
100382,ROD
100382,RODNEY
100382,RODRICK
100382,RORIE
100382,RORY
100383,ROGER
100383,RODGER
100384,ROLAND
100384,RO
100384,ROLLO
100384,ROLYND
100385,ROMAN
100385,ROMA
100386,RONALD
100386,RANALD
100386,RON
100386,RONALDA
100386,RONALDO
100386,RONETTE
100386,RONICA
100386,RONNA
100386,RONNIE
100386,RONNY
100387,ROSALYN
100387,ROS
100387,ROSAL
100387,ROSEL
100387,ROZ
100387,ROMI
100387,ROMIE
100387,ROMY
100387,ROSALIND
100387,ROSALINDA
100387,ROSAMOND
100387,ROSAMUND
100387,ROSAY
100387,ROSELIND
100387,ROSELINE
100387,ROSEMARY
100387,ROSEN
100387,ROSETTA
100387,ROZENA
100387,ROZINA
100388,ROXANNE
100388,ROXI
100388,ROXY
100389,RUDOLPH
100389,RUD
100389,ROLF
100389,ROLFE
100389,ROLPH
100390,RUEBEN
100390,RUB
100390,REUB
100391,RUSSEL
100391,RUSS
100392,RUTH
100392,RUTH
100393,RYAN
100393,RUY
100393,RY
100393,RYE
100393,RYON
100394,SABINE
100394,SAVINA
100395,SABRINA
100395,ZABRINA
100396,SAED
100396,SAEID
100396,SAHID
100396,SAIE
100396,SAYED
100396,SAYEED
100397,SALINA
100397,CELENA
100397,CELENE
100397,CELINA
100397,CELINE
100398,SAMUEL
100398,SAM
100398,SAMANTHA
100398,SAMMI
100398,SAMMIE
100398,SAMMY
100398,SAMPSON
100398,SAMSON
100398,SAMUELA
100399,SANDRA
100399,SANDI
100399,SANDIE
100399,SANDY
100400,SAPHIRE
100400,SAPPHIRA
100400,SAPPHIRE
100400,SAPPHYRE
100401,SARAH
100401,SAL
100401,SADIE
100401,SARAN
100401,SARETTA
100401,SARETTE
100401,SARINA
100401,SARITA
100401,ZAHRA
100401,ZARINA
100401,ZARITA
100402,SCIROCCO
100402,SIROCCO
100403,SEARLE
100403,SEAR
100404,SEBASTIAN
100404,SEB
100405,SELIG
100405,ZELICK
100405,ZELIG
100406,SELWIN
100406,SELWYN
100407,SERAFINE
100407,SERAPHIA
100408,SEYMOUR
100408,SEAMOUR
100409,SHANELLE
100409,CHANEL
100410,SHANTELLE
100410,CHANTAL
100411,SHARON
100411,SHER
100411,SHARI
100411,SHARYN
100412,SHAUN
100412,SHAUNIE
100412,SHAWNEE
100412,SHAYNE
100413,SHAVONNE
100413,CHAVONNE
100413,SHEVAUN
100413,SHEVON
100413,SHEVONNE
100413,SIOBAN
100413,SIOBHAN
100413,SIOBHANA
100414,SHAY
100414,SHAE
100414,SHAINA
100414,SHAYNA
100415,SHEENA
100415,SHEENAGH
100416,SHEILA
100416,SHAYLA
100416,SHEELAGH
100416,SHEILAGH
100416,SHELAGH
100416,SHEYLA
100417,SHELLY
100417,SHELLI
100418,SHERMAN
100418,SHERM
100419,SHERWIN
100419,SHERWYN
100420,SHIRLEEN
100420,SHERL
100420,SHIRL
100420,SHIREEN
100420,SHIRENE
100420,SHIRIN
100421,SHUNA
100421,SHULA
100421,SHULIE
100421,SHUNIE
100421,SHUNG
100422,SIDNEY
100422,SID
100422,SIDNE
100422,SYD
100422,SYDNEY
100423,SIGMUND
100423,SIG
100423,ZIG
100423,SIGBERT
100423,SIGFREDO
100423,SIGFRIED
100423,SIGNE
100423,SIGRID
100423,SIGRUN
100423,SIGUART
100423,SIGUR
100423,SIGURD
100423,SIGVALT
100423,SIGVART
100424,SILVAN
100424,SILV
100424,SYLV
100424,SILVEO
100424,SILVER
100424,SILVERIO
100424,SILVIO
100424,SYLVAIN
100424,SYLVAN
100424,SYLVETTE
100424,SYLVIO
100424,SYLVONIA
100424,XYLLA
100424,XYLVIA
100425,SILVER
100425,SYLVER
100426,SILVESTER
100426,SLY
100426,SYLVESTER
100427,SIMON
100427,SI
100427,SILAS
100427,SIM
100427,SYMON
100428,SKIPPER
100428,SKIP
100429,SMITH
100429,SMYTH
100429,SMYTHE
100430,SOLACE
100430,SOLAS
100431,SOLAIRE
100431,SOLAYRE
100432,SOLOMON
100432,SOL
100432,ZOL
100433,SONYA
100433,SONIA
100433,SONJA
100433,ZONIA
100434,SORSHA
100434,SORSCHA
100435,SPENCER
100435,SPENCE
100436,SPRINGFIELD
100436,SPRING
100436,SPRYNG
100437,STAFANIE
100437,STEPHANIE
100437,STEPHANY
100437,STEPHEN
100437,STEPHENA
100437,STEPHENE
100437,STEPHENS
100438,STANLEY
100438,STAN
100438,STANDFORD
100438,STANDISH
100438,STANFIELD
100438,STANFORD
100438,STANHOPE
100438,STANILY
100438,STANISLAS
100438,STANISLAU
100438,STANISLAW
100438,STANNARD
100438,STANTON
100439,STARCHILD
100439,STAR
100439,STARR
100439,STARLIGHT
100439,STARLYTE
100440,STEFANIE
100440,STEF
100440,STEFAN
100440,STEFANEE
100440,STEFANELLE
100440,STEFANI
100440,STEFANIUK
100440,STEFANY
100440,STEFF
100440,STEFFI
100440,STEFFIE
100440,STEFFY
100440,STEFI
100440,STEFY
100440,STEPHAN
100441,STEJOHN
100441,SINJON
100441,SINJUN
100442,STEVEN
100442,STEVE
100442,STEVENS
100442,STEVIE
100443,STRAUSS
100443,STRAUSE
100444,STUART
100444,STEW
100444,STU
100445,SUDIE
100445,SUDI
100446,SUNSHINE
100446,SON
100446,SUN
100447,SUSAN
100447,SUK
100447,SUS
100447,SUZ
100447,SOOZI
100447,SUE
100447,SUSETTA
100447,SUSETTE
100447,SUZETTA
100447,SUZETTE
100448,SYKIE
100448,PSYCHE
100449,TABATHA
100449,TAB
100450,TACEY
100450,TACE
100450,TACITA
100451,TALICIA
100451,TALISHA
100451,TALITHA
100452,TAMATHA
100452,TAMASHA
100453,TAMSIN
100453,TAM
100453,TAMAR
100453,TAMARA
100453,TAMOR
100453,TAMORA
100453,THAMAR
100454,TANGERINE
100454,TANGERYNE
100455,TANIS
100455,TANYS
100456,TANITH
100456,TANITA
100457,TARIN
100457,TARNIA
100457,TARYNA
100458,TATANYA
100458,TATIANA
100458,TATIANIA
100458,TATTANIA
100458,TITANIA
100459,TATUM
100459,TATE
100460,TAVITA
100460,TAV
100460,TAVIS
100461,TAYLOR
100461,TAY
100462,TENNYSON
100462,TENNY
100463,TERRENCE
100463,TERALL
100463,TERI
100463,TERRI
100463,TERRIE
100463,TERRIL
100463,TERRY
100463,TERRYL
100463,TERY
100463,THERENCE
100463,THERESA
100463,THERI
100464,THADDEUS
100464,TAD
100464,THAD
100465,THANI
100465,THANA
100465,THANIA
100466,THECLA
100466,THEKLA
100467,THERESA
100467,TERESA
100467,TERESITA
100467,TERETTA
100467,TEREZA
100467,TESHA
100467,TESS
100467,TESSA
100467,TESSIE
100467,THERESSA
100467,TRACEY
100467,TRACI
100467,TRACIE
100467,TRACY
100467,TRESA
100467,TREZA
100468,THIRZA
100468,THIRSA
100468,THYRZA
100468,TIRZAH
100469,THOMAS
100469,TOM
100469,THOMASIN
100469,THOMASINA
100469,THOMASINE
100469,THOMASON
100469,THOMAZIN
100469,THOMPSON
100469,THOS
100469,TOMMINA
100469,TOMOS
100470,THORSTON
100470,THOR
100470,THORA
100470,THOREN
100470,THORIN
100470,THORNE
100470,THORUN
100471,TIMOTHY
100471,TIM
100471,TIMMITH
100471,TIMMONS
100471,TIMON
100471,TIMONTHY
100471,TIMORA
100471,TYM
100471,TYMON
100472,TIVON
100472,TIBON
100473,TORRANCE
100473,TORAN
100473,TORN
100474,TRAVIS
100474,TRAV
100474,TRAVERS
100475,TRENTON
100475,TRENT
100476,TREVOR
100476,TREF
100476,TREFOR
100476,TREV
100477,TRINITY
100477,TRINITA
100478,TRISTAN
100478,TRIS
100478,TRISTA
100478,TRISTO
100478,TRYSTAN
100479,TULLY
100479,TULLIS
100480,TYRONE
100480,TY
100480,TYLER
100480,TYSON
100481,ULRICH
100481,UFFA
100481,ULFA
100482,UNA
100482,OONA
100482,OONAGH
100483,UNDINE
100483,ONDINE
100484,UNITY
100484,UNITA
100485,URSULA
100485,ULI
100485,URSA
100486,VALERIE
100486,VAL
100486,VALENTIN
100486,VALENTINA
100486,VALENTINE
100486,VALENTINO
100486,VALERIA
100486,VALERIAN
100487,VANDA
100487,VONA
100487,WANDA
100487,WENDA
100487,ZWANDA
100488,VANESSA
100488,VANECIA
100488,VANETTA
100488,VANETTE
100488,VANNETTA
100488,VENESSA
100489,VASSILY
100489,VASHTI
100489,VASSY
100490,VEIGH
100490,VAY
100491,VERENA
100491,VERITA
100491,VERITY
100492,VERNETTA
100492,VERNA
100493,VICTOR
100493,VIC
100493,VICK
100493,VIK
100493,VICTORINE
100493,WIKTOR
100494,VILETTE
100494,VILA
100495,VIOLET
100495,VI
100495,VIOLA
100496,VIVIAN
100496,OCTAVIAN
100496,VIAN
100496,VIV
100496,VIVEY
100496,VIVIE
100496,VIVY
100496,VIVYAN
100496,VYVEY
100496,VYVIAN
100496,VYVIE
100496,VYVYAN
100497,WALLACE
100497,WAL
100497,WALLIS
100497,WALT
100497,WALTER
100497,WAT
100497,WATS
100498,WAYLAND
100498,WAYLON
100499,WENDY
100499,WEND
100499,WENDYL
100500,WESLEY
100500,WES
100500,WESTLEIGH
100501,WHITNEY
100501,WHEATLEY
100501,WHETLEY
100501,WHIT
100502,WILBER
100502,WILBY
100503,WILFRED
100503,WILF
100503,WILFED
100503,WILFOD
100503,WILFORD
100503,WILFRYD
100504,WILHELMINA
100504,HILMA
100504,MINETTE
100504,MINIE
100504,MINNETTE
100504,MINNIE
100504,VELMA
100504,VILHMA
100504,VILMA
100504,WILMA
100505,WILLIAM
100505,WILHELM
100505,WILHELMAS
100505,WILHELMUS
100505,WILLHELMET
100505,WILLHELMUT
100505,WM
100506,WINNIFRED
100506,ERWIN
100506,FREDA
100506,FREIDA
100506,FRIEDA
100506,FRIDA
100506,WIM
100506,WIN
100506,WINNIE
100507,WOODROW
100507,ELWOOD
100507,WOODY
100508,WYMOND
100508,WYMAN
100509,WYNFORD
100509,WENFORD
100510,XANTHE
100510,XAN
100511,XAVIER
100511,ZAVIER
100511,ZAVIERA
100512,YASMINE
100512,JASMIN
100512,JASMINE
100512,JASSAMINE
100512,JASSAMYN
100513,YURI
100513,URIAH
100514,YVETTE
100514,EVETTE
100514,IVETTE
100514,VETTE
100515,YVONNE
100515,EVA
100515,EVE
100515,EVIE
100515,EVY
100515,EVELYN
100515,EVON
100515,EVONNE
100515,IVANA
100515,IVONA
100515,IVONE
100515,IVONI
100515,IVONNE
100515,LAVONNE
100515,VONNE
100515,VONNIE
100515,VONNY
100516,ZACHARY
100516,ZAC
100516,ZACCHAEUS
100516,ZAK
100516,ZEEK
100516,ZEKE
100517,ZADOK
100517,ZADOC
100518,ZEBEDIAH
100518,ZEB
100519,ZELDA
100519,GRISELDA
100520,ZELINA
100520,ZELIA
100520,ZELLA
100520,ZELLY
100520,ZERLINA
100521,ZELINDA
100521,ZERLINDA
100522,ZEMIRA
100522,ZEMA
100523,ZENA
100523,ZENAIDE
100524,ZETTA
100524,ZETAN
100525,ZION
100525,ZEONA
100525,ZIO
100526,ZYLA
100526,ZILPAH
100526,ZYLPHA
100380,BOBBY
100380,BOBBIE
100380,ROBBIE
100505,BILL
100505,WILL
100505,BILLIE
100316,MIKE
100527,VERONICA
100527,VERONIKA
100528,RAJINDER
100528,RAJANDAR
100528,RAJ
100380,RABBIE
100529,ROBBIN
100529,ROBIN
100529,ROBINA
100529,ROBYN
100109,DAVE
100288,MARJORY
100296,MARYANN
100296,MARYANNE
100296,MARION
100296,MAMIE
100087,CLYDE
100087,CLAUDIO
100382,ROD
0,DAVINE
0, DEVINE
0, DEVYNE
0, DIVINE
0, DIVYNE
0,DAVIN
0, DEVIN
0, DEVYN
0, DIVIN
0, DIVYN
1,CURIOUS
1, KYRIOS
1, KYRIOUS
2,LOGICS
2, LOGIX
2,LOGIC
3,AURA
3, ORA
3, ORAH
3, ORRA
4,KINETEX
4, KINETICKS
4, KINETICS
4, KINETIKS
4, KINETIX
4,KINET
4, KINETEX
4, KINETICK
4, KINETIK
5,RIGHT
5, RITE
5, WRIGHT
5, WRITE
5, WRYHT
6,CUE
6, KUE
6, Q
6, QUE
6, QUEUE
7,SHEIN
7, SHINE
7, SHYNE
8,VICE
8, VISE
8, VYCE
8, VYSE
9,NICKSEN
9, NICKSIN
9, NICKSON
9, NICKSYN
9, NIKSEN
9, NIKSIN
9, NIKSON
9, NIKSYN
9, NIXEN
9, NIXON
9, NYCKSEN
9, NYCKSIN
9, NYCKSON
9, NYXEN
9, NYXIN
9, NYXON
10,LAI
10, LAY
10, LAYE
10, LE
10, LEI
11,DRI
11, DRY
11, DRYE
12,POINT
12, POINTE
12, POYNT
12, PT
13,STR8
13, STRAIGHT
13, STRAIT
13, STRATE
14,4MULA
14, 4MULAS
14, FORMULA
14, FOURMULA
15,INTERNATIONAL
15, INTL
15,INTERN
16,ISIS
16, ISYS
16,ISI
17,ISLAND
17, ISLE
17,ISL
17, ISLAND
18,LAM
18, LAMB
19,LANDSDOWNE
19, LANSDOWNE
19,LANDSDOWN
19, LANSDOWN
20,FRAME
20, FRAYME
20, PHRAME
20, PHRAYME
20, FRAYM
20, PHRAYM
21,LEACH
21, LEECH
22,CARMA
22, CHARMA
22, KARMA
22, KHARMA
23,LIDDLE
23, LIL
23, LITTLE
23, LYTTLE
23,LIDDL
23, LITTL
23, LYTTL
24,KWALITY
24, QUALITEE
24, QUALITIE
24, QUALITY
24,KWALITI
24, QUALITE
24, QUALITI
25,FUSHION
25, FUSION
25, FUZION
25, PHUSIION
25, PHUSION
25, PHUZION
26,HAILAND
26, HIGHLAND
26, HILAND
26, HYLAND
27,HEIGHT
27, HITE
27, HYTE
28,HAUG
28, HAWG
28, HOG
29,HARBER
29, HARBOR
29, HARBOUR
30,FENIX
30, FEONIX
30, PHENIX
30, PHEONIX
30, PHOENIX
31,GOVERNOR
31, GUVNER
31, GUVNOR
32,FILIPINA
32, FILIPINO
32, PHILIPINA
32, PHILIPINO
32, PINOY
33,MOUNT
33, MOUNTAIN
33, MT
33, MTN
34,NEWEST
34, NUWEST
34, NW
35,NO
35, NUMBER
35,NUMBER
36,MAMA
36, MAMMA
36, MOMA
36, MOMMA
36, MUMMA
37,PACE
37, PAICE
37, PAYCE
37, PAIC
37, PAYC
38,PEARCE
38, PIERCE
38,PEARC
38, PIERC
39,PG
39, PRINCE GEORGE
39, PRINCEGEORGE
39, PRINCEGEORG
40,PERSEPOLIS
40, PERSOPOLIS
40,PERSEPOLI
40, PERSOPOLI
41,PLANET
41, PLANIT
42,PRICE
42, PRYCE
43,PRIME
43, PRYME
44,PRINCIPAL
44, PRINCIPLE
44,PRINCIP
44, PRINCIPL
45,PUMPKIN
45, PUNKIN
46,QUESNEL
46, QUINEL
47,RAIN
47, RAINE
47, RAYNE
47, REIGN
47, REIN
47, RAYN
48,READ
48, REED
48, REID
49,ROE
49, ROW
50,SABER
50, SABRE
50, SABR
51,SANDALWOOD
51, SANDLEWOOD
52,SAVOR
52, SAVOUR
53,SCENE
53, SEN
53, SON
53, SUN
54,TELERAD
54, TELRAD
55,ROUGH
55, RUF
55, RUFF
56,RAINBOGH
56, RAINBOW
56, RAYNBOW
57,PORTOCALL
57, PORTOFCALL
57,PORTOCAL
57, PORTOFCAL
58,PICK
58, PIK
58, PYCK
59,FAZE
59, PHASE
59, PHAZE
60,PEAK
60, PEEK
60, PIQ
60, PIQUE
60, PIQU
61,ODYSEA
61, ODYSEE
61, ODYSEY
61,ODYSE
61, ODYSEA
62,NEUVO
62, NEWVO
62, NOUVEAU
62, NUVO
63,MOAR
63, MOHR
63, MORE
64,MARKETER
64, MARKETING
64, MCTG
64, MKT
64,MARKET
65,CORC
65, CORK
65, CORKE
65, CORQ
66,MAGIC
66, MAGICK
66, MAJIC
66, MAJICK
66, MAJIX
67,SOOKE
67, SUKH
67, TSOUKE
67,SOOK
67, TSOUK
68,SINCOLOID
68, SYNCOLOID
69,SOMER
69, SUMER
69, SUMMER
70,SONSHINE
70, SUNSHINE
70,SONSHIN
70, SUNSHIN
71,STERLING
71, STIRLING
71,STERL
71, STIRL
72,STRIKE
72, STRYKE
73,SULFUR
73, SULPHUR
74,TEAM
74, TEEM
75,VIEW
75, VU
75, VUE
76,WESIX
76, WESX
77,MUNICIPAL
77, MUNICIPLE
77,MUNICIP
77, MUNICIPL
78,AR
78, ARE
79,GOLDING
79, GOULDING
79,GOLD
79, GOULD
80,FHUL
80, FULL
80, PHUL
81,DELHI
81, DELI
81, DELLEY
81, DELLIE
81, DELLY
81, DELLI
82,RAE
82, RAY
82, REI
82, REIGH
83,EXCESS
83, XESS
83, XS
84,MOOVEE
84, MOOVEY
84, MOOVIE
84, MOVIE
84,MOOVE
84, MOOVI
84, MOVI
85,DISTRIB
85, DISTRIBUTE
85, DISTRIBUTION
85, DISTRIBUTOR
85, DISTRIBUT
86,GLEWD
86, GLOOD
86, GLUED
86, GLUUD
86, GLU
87,DOOR
87, DORE
88,HANDEA
88, HANDEE
88, HANDI
88, HANDY
88,HANDE
88, HANDEA
89,AUTO
89, AWETOE
89, AWETOW
89, AWTOE
89, AWTOW
89, OTTO
89, OTTOW
89, AWETO
89, AWTO
90,ATLIN
90, ATLYN
91,SHAREE
91, SHAREY
91, SHARI
91, SHARIE
91, SHERRIE
91, SHERRY
91,SHARE
91, SHERRI
92,AVATAR
92, AVITAR
92, AVTAR
93,BAHA
93, BAJA
94,TEAR
94, TEER
94, TIER
95,CONCUR
95, CONQUER
95, KONCUR
95, KONQURE
95, KONQUR
96,CLINIC
96, CLINICK
96, CLYNIC
96, CLYNICK
96, KLINIC
96, KLYNIC
96, KLYNICK
96, KLYNYCK
96, KLYNYK
97,FIN
97, FINN
97, FYN
97, FYNN
98,CANDO
98, CANDU
99,CAPT
99, CAPTAIN
100,CIEL
100, SEAL
100, SEEL
101,CELTIC
101, SELTIC
102,CEMCO
102, CHEMCO
103,CHARADE
103, SHIRADE
103,CHARAD
103, SHIRAD
104,JAEJAE
104, JAYJAY
104, JJ
104,JAEJA
105,CHIC
105, SHEIC
106,ABBE
106, ABBIE
106, ABBY
106, ABE
106, ABEY
106, ABIE
106, ABY
106,ABB
106, ABBI
106, ABI
107,ACCELERATE
107, XLR8
107, XLREIGHT
107,ACCELER
108,ACCESS
108, AXIS
108, AXYS
108, AXI
109,ACQUA
109, ACWA
109, AQUA
110,EDDIE
110, EDDY
110,EDDI
111,CHILCOTIN
111, TSILHQOTIN
112,ST
112, STR
112, STREET
113,CIB
113, CYB
113, SIB
113, SYB
114,KWAN
114, QUAN
115,ABEL
115, ABLE
115, ABL
116,HAIWAY
116, HAIWEIGH
116, HAIWEY
116, HIGHWAY
116, HIGHWEIGH
116, HIGHWEY
116, HIWAY
116, HIWEIGH
116, HIWEY
116, HWY
116, HYWAY
116, HYWEIGH
116, HYWEY
116, HWI
117,CIERA
117, SEARA
117, SIERA
118,PANACHE
118, PANAICH
118, PANAUSH
118,PANACH
119,WERLD
119, WORLD
119, WURLD
120,CINABAR
120, CINIBAR
120, CINNABAR
120, CINNIBAR
121,RENCE
121, RENSE
121, RENTS
121, RENTZ
121, WRENCE
121,RENC
121, RENS
121, RENT
121, WRENC
122,CITI
122, CITY
123,KNIGHT
123, KNITE
123, KNYTE
123, NAIT
123, NIGHT
123, NITE
123, NYTE
124,CLEAR
124, CLEER
125,CMOR
125, SEAMORE
125, SEMORE
125, SEYMOUR
125, SEAMOR
125, SEMOR
126,GR8
126, GRAIGHT
126, GRAIT
126, GRATE
126, GREAT
127,CHECKER
127, CHECKR
127, CHECR
127, CHEKR
127, CHEQUER
128,ELEV8
128, ELEVAIGHT
128, ELEVATE
128, ELIV8
128, ELIVAIGHT
128, ELIVATE
128, ELYV8
128, ELYVATE
128,ELEV
128, ELEV8
128, ELIV
128, ELYV
129,CHEC
129, CHECK
129, CHEK
129, CHEQUE
129, CHEQU
130,C
130, CEE
130, SEA
130, SEE
131,ENJOY
131, NJOY
132,FAT
132, PHAT
133,CONNECTION
133, CONNEXION
133,CONNECT
134,GRAFFICKS
134, GRAFFICS
134, GRAFFIX
134, GRAFICKS
134, GRAFICS
134, GRAFIX
134, GRAPHICKS
134, GRAPHICS
134, GRAPHIX
134,GRAFFIC
134, GRAFFICK
134, GRAFIC
134, GRAFICK
134, GRAPHIC
134, GRAPHICK
135,LAB
135, LABCO
135, LABORATORIES
135, LABORATORY
135, LABORATORI
136,CS
136, SEAS
136, SEAZE
136, SEES
136, SEEZE
136, SEIZE
136, SEZE
136, SEA
136, SEAZ
136, SEE
136, SEEZ
136, SEIZ
137,HAUL
137, HAWL
137, HOLL
138,CIRRUS
138, CIRUS
138, CYRUS
138, SIRUS
138, SYRIS
138, SYRUS
138, SYRI
139,BERNCO
139, BERNKO
139, BURNCO
139, BURNKO
140,AERO
140, AEROW
140, AIROW
140, AIRROE
140, AIRROW
140, ARROW
140, AIRRO
141,TIED
141, TYED
141,TIE
141, TY
142,AYE
142, EYE
142, I
143,ENT
143, ENTERPRISE
143, ENTERPRISES
143, ENTERPRIZE
143, ENTERPRIZES
143, ENTERPR
143, ENTERPRIS
144,CHER
144, SHAIR
144, SHAR
144, SHARE
145,PALADIN
145, PALADINN
145, PALADYN
145, PALADYNN
145, PALLADIN
145, PALLADINN
145, PALLADYN
145, PALLADYNN
146,DEAVA
146, DEAVAH
146, DEEVA
146, DEEVAH
146, DEVA
146, DEVAH
146, DIVA
146, DIVAH
147,GEMINI
147, JEMINI
148,TAIL
148, TALE
148, TAYLE
148, TAYL
149,PAUSE
149, PAUZE
149, PAWS
149, PAWZ
149, POS
149,PAUS
149, PAUZ
149, PAW
150,GED
150, GEDDER
150, GET
150, GETTER
150, GID
150, GIDDER
150, GIT
150, GITTER
151,KNEAT
151, KNEET
151, NEAT
151, NEET
152,SARA
152, SARAH
152, SERA
152, SERAH
153,ANDERSEN
153, ANDERSON
154,PLAIN
154, PLAINE
154, PLANE
154, PLAYN
154, PLAYNE
155,WAALA
155, WAHLA
155, WAHLLA
155, WALA
155, WALLA
155, WHALA
155, WHALLA
156,ALEX
156, ALICK
156, ALIX
156, ALX
157,CREWS
157, CROOS
157, CROOZE
157, CRUISE
157, CRUIZE
157, CRUZ
157, KREWS
157, KROOS
157, KROOZE
157, KRUISE
157, KRUIZE
157, KRUZ
157,CREW
157, CROO
157, CROOZ
157, CRUIS
157, CRUIZ
157, KREW
157, KROO
157, KROOZ
157, KRUIS
157, KRUIZ
158,ALAN
158, ALEN
158, ALLAN
158, ALLEN
158, ALLIN
159,AERIAL
159, ARIAL
159, ARIEL
160,PROJECT
160, PROJEX
161,AERIES
161, ARIES
161,AERI
161, ARI
162,AGENT
162, BROKER
162, FACTOR
163,DAUN
163, DAWN
163, DAWNN
163, DON
163, DONN
164,AL
164, ALL
164, AUL
164, AWL
165,ALFA
165, ALPHA
166,AMBIANCE
166, AMBIENCE
166,AMBIANC
166, AMBIENC
167,LETIS
167, LETTUCE
167, LETUS
167,LETI
167, LETTUC
168,ROAM
168, ROHM
168, ROME
169,GARET
169, GAROT
169, GARRET
169, GARROT
169, GERIT
169, GERRIT
169, JERIT
169, JERRIT
170,CIFER
170, CIPHER
170, CYFER
170, CYPHER
170, PSIFER
170, PSYFER
171,TARRIE
171, TARRY
171, TARY
171, TEARE
171, TEARI
171, TEARIE
171, TEREY
171, TERI
171, TERIE
171, TERREY
171, TERRI
171, TERRIE
171, TERRY
171,TARI
171, TARRI
171, TEAR
172,MAYAN
172, MIAN
172, MYAN
173,GENEX
173, GENNEX
173, GENNX
173, GENX
173, JENEX
173, JENNEX
173, JENNX
173, JENX
174,APOSTLE
174, APOTRES
174,APOSTL
174, APOTR
175,MOAD
175, MODE
175, MOWD
175, MOWED
175, MOW
176,SEOUL
176, SOAL
176, SOL
176, SOLE
176, SOUL
177,JASMIN
177, JASMINE
177, JASMYN
177, JASMYNE
177, JAZMIN
177, JAZMINE
177, JAZMYN
177, JAZMYNE
177, JAZZMIN
177, JAZZMINE
178,TORC
178, TORK
178, TORKE
178, TORQ
178, TORQUE
178, TORQU
179,DIER
179, DIRE
179, DIYAR
179, DYER
180,BOISE
180, BOIZE
180, BOYES
180, BOYS
180, BOYZ
180,BOIS
180, BOIZ
180, BOY
181,COHR
181, COR
181, CORE
181, KAUR
181, KOHR
181, KOR
181, KORE
182,MOM
182, MUM
183,ARMOR
183, ARMOUR
184,ARCTIC
184, ARTEC
184, ARTIC
185,ARORA
185, AURORA
186,LEWKEE
186, LEWKEY
186, LEWKY
186, LUKEE
186, LUKEY
186, LUKIE
186,LEWKE
186, LEWKI
186, LUKE
186, LUKI
187,AXI
187, AXY
188,BARBECUE
188, BARBQ
188, BBQ
188, BQ
188,BARBECU
189,AARON
189, AIRIN
189, ARAN
189, AREN
189, ARON
189, ARRAN
189, ARRON
189, ERIN
189, ERON
189, ERRIN
189, ERRON
190,BARCLAY
190, BARKLEY
191,SONAURA
191, SONORA
191, SONORAH
191, SUNAURA
191, SUNORA
191, SUNORAH
192,BRAEMAR
192, BRAYMAR
193,BEACH
193, BEECH
194,BAIR
194, BARE
194, BEAR
194, BEHR
195,BLEU
195, BLEW
195, BLU
195, BLUE
196,BLVD
196, BOULEVARD
197,BI
197, BUY
197, BY
197, X
197, BYX
198,ICONA
198, ICONAH
198, IKONA
198, IKONAH
199,BRIAN
199, BRYAN
200,CALONA
200, CELOWNA
200, KELOWNA
200, KLO
201,CAMBEL
201, CAMBELL
201, CAMPBEL
201, CAMPBELL
202,BEAU
202, BO
202, BOE
202, BOUGH
202, BOW
203,FAIR
203, FAIRE
203, FEHR
204,PROTEAN
204, PROTEEN
204, PROTEIN
205,DAISE
205, DAISEA
205, DAISEE
205, DAISEY
205, DAISIE
205, DAISY
205, DAZEE
205, DAZEY
205, DAZIE
205, DAZY
205,DAIS
205, DAISE
205, DAISI
205, DAZE
205, DAZI
206,ESSTEAM
206, ESSTEEM
206, ESTEEM
206, STEAM
206, STEEM
207,CYMPLE
207, SIMPLE
207, SYMPLE
207,CYMPL
207, SIMPL
207, SYMPL
208,CAIRA
208, CAIRAH
208, CARA
208, CARAH
208, CARRA
208, CARRAH
208, KAIRA
208, KAIRAH
208, KARA
208, KARAH
208, KARRA
208, KARRAH
209,BIGHT
209, BITE
209, BYTE
210,AMPLIFEI
210, AMPLIFEYE
210, AMPLIFI
210, AMPLIFY
210, AMPLIFEY
211,STELLAR
211, STELLER
212,MOBILE
212, MOBYL
212,MOBIL
213,RAIR
213, RAIRE
213, RARE
214,WHY
214, WI
214,WHI
215,CHRIS
215, CRIS
215, KHRIS
215, KRIS
216,CAREN
216, CARON
216, CARYN
216, KAREN
216, KARIN
216, KARON
216, KARYN
217,WHILD
217, WHILDE
217, WHYLD
217, WHYLDE
217, WILD
217, WILDE
217, WYLD
217, WYLDE
218,CLAIR
218, CLAIRE
218, CLARE
218, KLAIR
218, KLAIRE
218, KLARE
219,NED
219, NEID
220,GARD
220, GUARD
221,DREAMWERKS
221, DREAMWERX
221, DREAMWORKS
221, DREAMWORKZ
221, DREAMWORX
221,DREAMWERK
221, DREAMWORK
222,CHRISMAS
222, CHRISTMAS
222, XMAS
222,CHRISMA
222, CHRISTMA
223,NEAL
223, NEIL
223, NEL
224,GEEN
224, GENE
224, JEAN
224, JEANE
224, JEEN
225,KWEST
225, QUEST
225, QWEST
226,KWESTAR
226, QESTAR
226, QUESTAR
226, SEQUESTER
226, SEQUEST
227,COLOMBIA
227, COLUMBIA
228,CYGNET
228, SIGNET
229,MEACAH
229, MEAKA
229, MEAKAH
229, MEECAH
229, MEEKA
229, MEEKAH
229, MIKA
230,COAT
230, COTE
231,CYPRESS
231, CYPRUS
232,COHLMAN
232, COLEMAN
232, COLMAN
233,COLOR
233, COLOUR
234,COSI
234, COSY
234, COZI
234, COZY
235,2DAY
235, TODAY
235, TOODAY
235, TWODAY
236,PAIRIT
236, PAREIT
236, PARRET
236, PARRIT
236, PARROT
236, PEARIT
236, PERRET
237,CENTS
237, SCENTS
237, SENCE
237, SENSE
237, SENTS
237,CENT
237, SCENT
237, SENC
237, SENS
237, SENT
238,MADE
238, MAID
238, MAYD
239,LEAU
239, LO
239, LOW
240,LIGHT
240, LITE
240, LYGHT
240, LYTE
241,DAILY
241, DALEY
241, DALY
241,DAILI
241, DALI
242,SAVAREE
242, SAVARY
242, SAVERY
242, SAVORY
242, SAVOUREE
242, SAVOURY
242,SAVARE
242, SAVARI
242, SAVERI
242, SAVORI
242, SAVOURE
242, SAVOURI
243,YOUNG
243, YUNG
244,SCEWL
244, SCHOOL
244, SCOOL
244, SKEWL
244, SKOOL
245,BERD
245, BIRD
245, BURD
245, BYRD
246,ACKTIV
246, ACKTIVE
246, ACTIV
246, ACTIVE
246, AKTIV
246, AKTIVE
246, AKTYV
247,DAY
247, DEY
248,DEAL
248, DEL
249,DELIGHT
249, DELITE
249, DELIT
250,UNIVERCITY
250, UNIVERSITY
250,UNIVERC
250, UNIVERS
251,ALEA
251, ALEE
251, ALEIGH
251, ALI
251, ALIE
251, ALLEY
251, ALLI
251, ALLIE
251,ALE
251, ALEA
252,DINAMO
252, DYNAMO
253,DOLFIN
253, DOLPHIN
254,CHUTE
254, SHOOT
255,EARLY
255, IRLY
255,EARLI
255, IR
256,ECEL
256, ECSEL
256, EXEL
256, XCEL
256, XCL
256, XELL
256, XL
256, XSEL
257,ELIC
257, ELIS
257,ELI
257, ELIC
258,ENCORE
258, ONCOR
258,ENCOR
259,TOETAL
259, TOTAL
260,CLEAN
260, CLEEN
260, KLEAN
260, KLEEN
261,MAHD
261, MAUD
261, MAUDE
261, MAWD
261, MOD
262,SCENE
262, SEEN
263,COTENAI
263, COTENAY
263, CUTENAI
263, KOOTENAY
264,COURTENAY
264, COURTNEY
265,KWAHLICUM
265, QUALICUM
266,DAVEY
266, DAVIE
266, DAVY
266, DAVI
267,DICKSON
267, DIXON
267, DIXSON
268,DUANE
268, DWAYNE
268,DUAN
268, DWAYN
269,GYPC
269, GYPSEA
269, GYPSEE
269, GYPSIE
269, GYPSY
269, JIPC
269, JIPSEA
269, JIPSEE
269, JIPSIE
269, JIPSY
269, GYPSE
269, GYPSI
269, JIPSE
269, JIPSI
270,KNOT
270, KNOTT
270, NAUGHT
270, NAUT
270, NOT
270, NOTT
271,PEACE
271, PIECE
271,PEAC
271, PIEC
272,WICKS
272, WICS
272, WIKKS
272, WIKS
272, WIX
272,WIC
272, WICK
272, WIK
272, WIKK
273,FARM
273, PHARM
274,HICH
274, HITCH
274, HYCH
274, HYTCH
275,GOFER
275, GOFOR
275, GOPHER
275, GOPHOR
276,CURRANT
276, CURRENT
277,ZAC
277, ZACK
277, ZAK
277, ZAKK
278,EUREKA
278, YUREKA
279,TRACKS
279, TRACS
279, TRAKKS
279, TRAX
279,TRAC
279, TRACK
279, TRAKK
280,JOSEF
280, JOSEPH
281,FANTASY
281, PHANTASY
281,FANTASI
281, PHANTASI
282,LEA
282, LEAH
282, LEAYA
282, LEAYAH
282, LEEYA
282, LEEYAH
282, LIA
282, LIYA
282, LIYAH
283,FATHER
283, FR
284,FIBER
284, FIBRE
284, FIBR
285,REWBI
285, REWBY
285, ROOBEE
285, ROOBI
285, ROOBIE
285, ROOBY
285, ROUBEE
285, ROUBI
285, ROUBY
285, RUBEE
285, RUBI
285, RUBIE
285, RUBY
285, ROOBE
285, ROUBE
285, RUBE
286,FLAIR
286, FLARE
287,SMILE
287, SMYLE
288,MOTHERLOAD
288, MOTHERLODE
288, MUTHERLOAD
288, MUTHERLODE
288, MOTHERLOD
288, MUTHERLOD
289,BERT
289, BURT
290,FIRE
290, FYRE
291,MO
291, MOE
291, MOH
291, MOW
292,HAI
292, HI
292, HIGH
292, HY
292, HYE
292, HYGH
293,MANAGE
293, MANAGEMENT
293, MGMT
293, MGR
293, MGT
293,MANAG
294,MEARA
294, MEARAH
294, MEERA
294, MEERAH
294, MEIRA
294, MIERA
294, MIERAH
294, MIRA
294, MIRAH
294, MIRRA
294, MIRRAH
295,CENT
295, SCENT
295, SENT
296,RD
296, RHODE
296, ROAD
296, RODE
296, ROWED
296, ROW
297,BREWN
297, BRUHN
298,GAEA
298, GAIA
299,AERES
299, AERIE
299, AERIS
299, AERYS
299, AIRES
299, AIRIS
299, AIRYS
299, AYRES
299, EHRIS
299, EHRYS
299, ERIS
299, ERRIS
299, ERYS
299,AER
299, AERI
299, AIR
299, AIRI
299, AYR
299, EHRI
299, ERI
299, ERRI
300,BARRIE
300, BARRY
300, BERRIE
300, BERRY
300, BURY
300,BARRI
300, BERRI
300, BURI
301,AUDACIOUS
301, ODDACIOUS
301,AUDACI
301, ODDACI
302,DISTRICT
302, DISTRIKT
303,KNOTI
303, KNOTT
303, KNOTTEY
303, KNOTTIE
303, KNOTTY
303, NAUGHTEA
303, NAUGHTEE
303, NAUGHTEY
303, NAUGHTI
303, NAUGHTIE
303, NAUGHTT
303, NAUGHTY
303, NAUTI
303, NAUTT
303, NOTI
303, NOTT
303, NOTTEY
303, NOTTI
303, NOTTIE
303, NOTTY
303, KNOTTI
303, NAUGHTE
304,GRAEME
304, GRAHAM
304, GRAM
304,GRAEM
305,KACEE
305, KACIE
305, KASEY
305, KAYC
305, KAYCEE
305, KAYSEE
305, KAYSEY
305, KAYSIE
305, KC
305,KACE
305, KACI
305, KAYCE
305, KAYSE
305, KAYSI
306,COLONEL
306, KERNEL
306, KERNIL
306, KERNYL
307,COUSIN
307, CUZEN
307, CUZIN
307, CUZZIN
308,KNIT
308, NIT
309,SEMIAHMOO
309, SEMIAHMU
310,CION
310, CYON
310, PSYON
310, SEYEON
310, SION
310, SYON
311,BEACON
311, BECON
311, BEKIN
311, BEKYN
312,IKIN
312, KIN
312, KINETTE
312, KINSMEN
312, KINETT
313,ORAGIN
313, OREGEN
313, OREGIN
313, OREGYN
313, ORIGIN
313, ORIGYN
314,DISC
314, DISK
314, DYSC
314, DYSK
315,LION
315, LYON
316,MAIDAS
316, MIDAS
316, MYDAS
316,MAIDA
316, MIDA
316, MYDA
317,SINCERELEA
317, SINCERELEE
317, SINCERELEIGH
317, SINCERELY
317, SINCYRELEA
317, SINCYRELEE
317, SINCYRELEIGH
317, SINCYRELY
317,SINCER
317, SINCERELE
317, SINCERELEA
317, SINCYR
317, SINCYRELE
318,HUSSEL
318, HUSSELL
318, HUSTLE
318, HUSTL
319,KIDD
319, KIDDIE
319, KIDDY
319, KIDI
319, KIDDI
320,GRAFITE
320, GRAFYTE
320, GRAPHFITE
320, GRAPHFYTE
320, GRAPHITE
320, GRAPHYTE
320,GRAFIT
320, GRAFYT
320, GRAPHFIT
320, GRAPHFYT
320, GRAPHIT
320, GRAPHYT
321,HAILO
321, HAILOW
321, HALO
321, HALOW
321, HAYLO
321, HAYLOW
322,CIGMA
322, CIGMAH
322, CYGMA
322, CYGMAH
322, SIGMA
322, SIGMAH
322, SYGMA
322, SYGMAH
323,SIGN
323, SINE
323, SYNE
324,GRIZLEE
324, GRIZLEIGH
324, GRIZLEY
324, GRIZLY
324, GRIZZLEE
324, GRIZZLEIGH
324, GRIZZLEY
324, GRIZZLY
324,GRIZLE
324, GRIZLI
324, GRIZZLE
324, GRIZZLI
325,ONICKS
325, ONICS
325, ONIKS
325, ONIX
325, ONYX
325,ONIC
325, ONICK
325, ONIK
326,PILAR
326, PILLAR
326, PILLER
327,WEALTH
327, WELLTH
327, WELTH
328,HAEDAN
328, HAEDEN
328, HAEDIN
328, HAEDN
328, HAEDON
328, HAEDYN
328, HAIDAN
328, HAIDEN
328, HAIDIN
328, HAIDN
328, HAIDON
328, HAIDYN
328, HAYDAN
328, HAYDEN
328, HAYDIN
328, HAYDN
328, HAYDON
328, HAYDYN
329,EXCEED
329, EXEED
329, XCEED
329, XSEED
329, EXE
330,LACEE
330, LACEY
330, LACIE
330, LAYC
330, LAYCEE
330, LAYCEY
330, LAYCIE
330,LACE
330, LACI
330, LAYCE
330, LAYCI
331,PL8
331, PLAIT
331, PLATE
332,POCO
332, PORT COQUITLAM
332, PORTCOQUITLAM
333,SAMPSON
333, SAMSON
334,OLSEN
334, OLSIN
334, OLSON
334, OLSUN
334, OLSYN
335,CHARLOTTE
335, QC
335, QUEENCHARLOTTE
335,CHARLOTT
335, QUEENCHARLOTT
336,LOAD
336, LODE
337,LOVE
337, LUV
338,SAINT
338, ST
339,MICASA
339, MIKASA
339, MYCASA
339, MYKASA
340,RHISE
340, RHIZE
340, RHYSE
340, RISE
340, RIZE
340, RYSE
340, RYZE
341,COMPAS
341, COMPASS
341, COMPIS
341, KOMPAS
341, KOMPASS
341, KOMPIS
341,COMPA
341, COMPI
341, KOMPA
341, KOMPI
342,MAGNEM
342, MAGNUM
343,LOUDER
343, LOWDER
344,SUNDA
344, SUNDAE
344, SUNDAY
344, SUNDEH
345,VAIL
345, VAILE
345, VALE
345, VAYL
345, VAYLE
345, VEIL
346,SPICE
346, SPYCE
347,MANUFACTURE
347, MANUFACTURING
347, MFG
347,MANUFACTUR
348,MARCS
348, MARX
348,MARC
349,MERIDIAN
349, MERIDIEN
350,MILE
350, MYLE
351,MINIT
351, MINUTE
351, MINUT
352,MISTER
352, MR
353,MISUS
353, MRS
354,MITER
354, MITRE
354, MYTER
354, MITR
355,ROBIN
355, ROBYN
356,AEREE
356, AEREY
356, AERIE
356, AIREE
356, AIREY
356, AIRIE
356, ARIE
356,AERE
356, AERI
356, AIRE
356, AIRI
356, ARI
357,SPEEDEE
357, SPEEDY
357,SPEEDE
357, SPEEDI
358,PERFECT
358, PURRFECT
359,SON
359, SUN
360,RAWKEE
360, RAWKEY
360, RAWKIE
360, ROCKEE
360, ROCKEY
360, ROCKIE
360, ROCKY
360,RAWKE
360, RAWKI
360, ROCKE
360, ROCKI
361,CR8
361, CRE8
361, CREATE
361, CREAT
362,ECCCHO
362, ECCCO
362, ECCO
362, ECHO
362, ECO
362, EKHO
362, EKKO
362, EKO
363,CHRISTEA
363, CHRISTEE
363, CHRISTEY
363, CHRISTI
363, CHRISTIE
363, CHRISTT
363, CHRISTY
363, KRISTEE
363, KRISTEY
363, KRISTIE
363, KRISTT
363, KRISTTEA
363, KRISTY
363, KRYSTE
363, KRYSTEA
363, KRYSTEE
363, KRYSTIE
363, KRYSTT
363,CHRISTE
363, CHRISTEA
363, KRISTE
363, KRISTI
363, KRYST
363, KRYSTI
364,HUNNTHLEY
364, HUNNTLY
364, HUNTLEE
364, HUNTLEY
364, HUNTLY
364, HUNTTLE
364,HUNNT
364, HUNNTHLEY
364, HUNT
364, HUNTLE
364, HUNTTL
365,2
365, TEW
365, TO
365, TOO
365, TWO
366,TREAT
366, TREET
367,DUNDARAVE
367, DUNDERAVE
367,DUNDARAV
367, DUNDERAV
368,ERWIN
368, IRWIN
369,GERI
369, GERRY
369, GERY
369, JERI
369, JERRY
369, JERY
369, GERRI
369, JERRI
370,THOM
370, TOM
371,THOMPSON
371, THOMSON
371, TOMSON
372,CAIREY
372, CAIRIE
372, CAIRY
372, CAREE
372, CAREY
372, CARI
372, CARIE
372, CARREE
372, CARREY
372, CARRI
372, CARRIE
372, CARRY
372, CARY
372, KAIREE
372, KAIRIE
372, KAIRY
372, KARRI
372, KEREY
372, KERI
372, KERIE
372, KERREY
372, KERRI
372, KERRIE
372, KERRY
372, KERY
372, CAIRI
372, CARE
372, CARRE
372, KAIRE
372, KAIRI
373,THROUGH
373, THRU
374,THYME
374, TIME
374, TYME
375,Z
375, ZE
375, ZED
375, ZEE
375,ZED
375, ZZE
376,SCHAEFER
376, SHAEFER
376, SHAFER
377,LAURA
377, LAUREL
377, LORAL
377, LOREL
377, LORELL
378,JAEMAR
378, JAYMAR
379,JANTSEN
379, JANTZEN
379, JANZEN
380,JOHAL
380, JOHEL
381,JOHN
381, JON
382,JOHNNY
382, JONNY
382,JOHNNI
382, JONNI
383,JOHNSON
383, JOHNSTON
383, JONSON
384,GRACE
384, GRAICE
384, GRASE
384, GRAYCE
384, GRAIC
384, GRAYC
385,GAIHL
385, GAIL
385, GALE
385, GAYLE
385, GAYL
386,GENESIS
386, GENESYS
386, GENISIS
386, GENYSIS
386,GENESI
386, GENISI
386, GENYSI
387,LINDA
387, LYNDA
388,LAURA
388, LORA
389,GLIDE
389, GLIDER
389, SAILPLANE
389, SOAR
389, SAILPLAN
390,GALLEY
390, KITCHEN
391,SEAN
391, SHAUN
391, SHAWN
391, SHON
392,TERESA
392, THERESA
393,STEWART
393, STUART
394,STEPHEN
394, STEVEN
395,AUTEM
395, AUTTEM
395, AUTUMN
395, AWETOM
395, AWETUM
395, AWTTOM
395, AWTUM
395, OTTEM
395, OTTUM
395, OTTUMN
396,WOLF
396, WOLFE
396, WOLFF
396, WOLLF
396, WOLLFF
396, WOLLFFE
396, WULF
396, WULFE
396, WULFF
396, WULFFE
397,WEATHER
397, WETHER
397, WHETHER
398,CIRIOUS
398, CIRIUS
398, SERIOUS
398, SIRIOUS
398, SIRIUS
398, SYRIOUS
398, SYRIUS
398, SYRYUS
399,PEASEY
399, PEASY
399, PEAZ
399, PEAZEE
399, PEAZIE
399, PEAZY
399, PEEZ
399, PEEZEY
399, PEEZIE
399, PEEZY
399, PZ
399, PZEE
399, PEASI
399, PEAZE
399, PEAZI
399, PEEZI
400,GAH
400, GEEAH
400, GIA
400, GIAH
400, JEEA
400, JEEAH
400, JIA
400, JIAH
401,TIMELEE
401, TIMELEY
401, TIMELY
401, TYMELEE
401, TYMELEY
401, TYMELY
401,TIME
401, TIMELE
401, TYME
401, TYMELE
402,REILLY
402, RILEE
402, RILEIGH
402, RILEY
402, RYELEE
402, RYELEIGH
402, RYELEY
402, RYLEE
402, RYLEIGH
402, RYLEY
402,REILLI
402, RILE
402, RYELE
402, RYLE
403,VELOCITI
403, VELOCITY
403,VELOC
404,LAURENCE
404, LAWRENCE
404,LAURENC
404, LAWRENC
405,B
405, BE
405, BEA
405, BEE
405,BBE
406,REN
406, RENN
406, RHEN
406, WREN
406, WRENN
407,FREEDEM
407, FREEDIM
407, FREEDOM
407, FREEDUM
407, FRIEDYM
408,DEWZEE
408, DEWZEY
408, DEWZI
408, DEWZIE
408, DOOZEY
408, DOOZIE
408, DOOZY
408, DOUZEE
408, DOUZIE
408,DEWZE
408, DOOZI
408, DOUZE
408, DOUZI
409,GEOF
409, GEOFF
409, GEOFFREY
409, GEOFREY
409, JEF
409, JEFF
409, JEFFREY
409, JEFREY
410,INFORMATIONTECHNOLOGY
410, INFOTEC
410, IT
410,INFORMATIONTECHNOLOG
411,SAFET
411, SAFETEA
411, SAFETEE
411, SAFETY
411, SAFETE
411, SAFETI
412,SOUPER
412, SUPER
413,CAPTIVE
413, KAPTIV
413,CAPTIV
414,G8
414, GAIGHT
414, GAIT
414, GATE
414, GAYTE
414, GAYT
415,FRAISER
415, FRAS
415, FRASER
415, FRASIER
415, FRAZ
415, FRAZER
415, FRAZIER
416,WERC
416, WERK
416, WERKZ
416, WERX
416, WHERC
416, WHERK
416, WHERX
416, WHURC
416, WHURK
416, WHURX
416, WORC
416, WORK
416, WORKZ
416, WORX
416, WURC
416, WURCZ
416, WURK
416, WURKZ
416, WURX
417,MONRO
417, MONROE
417, MUNRO
417, MUNROE
418,PAWESOME
418, PAWSOME
418, POSSEM
418, POSSUM
418,PAWESOM
418, PAWSOM
419,TREW
419, TROO
419, TRU
419, TRUE
420,STAGEER
420, STAGER
420, STAIGER
420, STAYGER
420, STAYJER
421,ONNTEC
421, ONNTECH
421, ONNTECK
421, ONNTEK
421, ONTEC
421, ONTECH
421, ONTECK
421, ONTEK
422,DINAMIC
422, DINAMICK
422, DINAMIK
422, DINAMYCK
422, DYNAMIC
422, DYNAMICK
422, DYNAMIK
422, DYNAMYCK
422,DINAM
422, DYNAM
423,DONE
423, DUN
423, DUNN
423, DUNNE
424,CRE8
424, CREATE
424, CREATION
424, CREATIV
424, CREATIVE
424, CREATIVITY
424, KHREATIVE
424, KRE8
424, KREATE
424, KREATION
424, KREATIV
424, KREATIVE
424, KREATIVITY
424, CREAT
424, KHREATIV
424, KREAT
425,DENCITE
425, DENCITEA
425, DENCITEE
425, DENCITI
425, DENCITY
425, DENSITE
425, DENSITEA
425, DENSITEE
425, DENSITY
425,DENCIT
425, DENCITE
425, DENSIT
425, DENSITI
426,STAIR
426, STARE
427,SHAH
427, SHAW
428,LEWIS
428, LOUIS
428, LUIS
428,LEWI
428, LOUI
428, LUI
429,SHUR
429, SUR
429, SURE
430,THOMCAT
430, THOMKAT
430, TOMCAT
430, TOMKAT
431,MEAGAN
431, MEAGHAN
431, MEGAN
431, MEGHAN
432,JACIN
432, JASEN
432, JASIN
432, JASON
432, JASYN
432, JAYCIN
432, JAYSEN
432, JAYSIN
432, JAYSON
432, JAYSYN
433,LEAN
433, LEEN
433, LIEN
434,JINKS
434, JYNCKS
434, JYNKS
434, JYNX
434,JINK
434, JYNCK
434, JYNK
435,REIMER
435, RHIMER
435, RHYMER
435, RIMER
435, RYMER
436,A1
436, AI
436, AONE
436, AON
437,KNOWBULL
437, NOBEL
437, NOBLE
437, NOBUL
437, NOBULL
437,KNOWBUL
437, NOBL
438,4EVER
438, FOREVER
438, FOUREVER
438, FOREV
438, FOUREV
439,SNUB
439, SNUBBER
439, SNUBBERS
439, SNUBBING
440,NEIGHBOR
440, NEIGHBOUR
441,AI
441, ARTIFICIALINTELLIGENCE
441, ARTIFICIALINTELLIG
442,QUAIL
442, QUALE
442, QUAYLE
442, QUAL
442, QUAYL
443,EMPOWER
443, MPOWER
443,EMPOW
444,DESIGN
444, DEZIGN
444, DSIGN
444, DZIGN
444, DZYNE
445,DEFIGN
445, DEFINE
445, DFINE
445, DIFINE
445, DYFINE
445, DYFYNE
445, DEFIN
445, DIFIN
445, DYFIN
445, DYFYN
446,LOOMIS
446, LOOMUS
446, LOOMYS
446, LUMIS
446, LUMOS
446, LUMUS
446, LUMYS
446,LOOMI
446, LUMI
446, LUMO
447,CARIBOO
447, CARIBOU
448,BIZNESS
448, BUSINESS
448,BIZ
448, BUSI
449,SIMMETREE
449, SIMMETRY
449, SYMMETREE
449, SYMMETRY
449,SIMMETRE
449, SIMMETRI
449, SYMMETRE
449, SYMMETRI
450,MAIA
450, MAYA
450, MIAH
450, MIYA
450, MYA
450, MYAH
451,CORNER
451, KORNER
452,MAE
452, MAY
452, MAYE
452, MEH
453,CALEIGH
453, CAYLEE
453, CAYLEY
453, KAILEA
453, KAILEE
453, KAILEIGH
453, KAILEY
453, KAILI
453, KAILLEY
453, KAILLI
453, KALEIGH
453, KAYLEE
453, KAYLEY
453, CAYLE
453, KAILE
453, KAYLE
454,INNUC
454, INNUCK
454, INNUK
454, INUCK
454, INUK
455,SAUC
455, SAUK
455, SOC
455, SOCK
455, SOK
456,TILAR
456, TILER
456, TILOR
456, TYLAR
456, TYLER
456, TYLOR
457,REUTS
457, ROOT
457, ROOTZ
457, ROUTE
457, ROUTES
457, ROUTEZ
457,REUT
457, ROUT
458,REUTER
458, ROOTER
459,FICKS
459, FIKS
459, FIX
459, FYCKS
459, FYX
459,FICK
459, FIK
459, FYCK
460,ABERCROMBIE
460, ABERCROMBY
460,ABERCROMBI
461,DEWMOHR
461, DEWMOR
461, DEWMORE
461, DOMOHR
461, DOMOORE
461, DOMOR
461, DOMORE
461, DOOMOHR
461, DOOMOR
461, DOOMORE
461, DOUMOR
461, DOUMORE
461, DOMOOR
462,ACKROYD
462, AKEROYD
463,ARSENAULT
463, ARSENEAU
463, ARSENO
464,GERRYCO
464, GERRYKO
464, JERICHO
464, JERICO
464, JERICOH
464, JERRICO
464, JERRICOH
464, JERRYCO
464, JERRYKO
465,BARRIER
465, BARRIERE
466,MINET
466, MINETTE
466, MINIT
466, MINNET
466, MINNETTE
466, MINNIT
466, MINUTE
466, MINETT
466, MINNETT
466, MINUT
467,CRAEY
467, CRAY
467, CRAYE
467, KRAY
467, KRAYE
468,WAIR
468, WARE
468, WEAR
469,CULICK
469, CULIK
469, CULLIC
469, CULLICK
469, CULYK
469, KULIC
469, KULICK
469, KULIK
469, KULLICK
469, KULYC
469, KULYK
470,BEYE
470, BI
470, BUY
470, BY
470, BYE
470,BEY
471,RESILIANCE
471, RESILIENCE
471, REZILIANCE
471, REZILIENCE
471,RESILI
471, REZILI
472,TRIUS
472, TRYUS
473,EASE
473, EASEE
473, EASI
473, EASY
473, EAZI
473, EAZY
473, EZ
473, EZEE
473,EAS
473, EASE
473, EZE
474,ROYALT
474, ROYALTEA
474, ROYALTEE
474, ROYALTY
474, ROYALTE
474, ROYALTI
475,HOUSE
475, HOUZ
475, HOUZZ
475,HOUS
476,TAURIS
476, TAURISS
476, TAURRIS
476, TAURUS
476, TOREIS
476, TOREUS
476, TORISS
476, TORRIS
476, TORRUS
476, TORUS
476,TAURI
476, TAURRI
476, TOREI
476, TORRI
477,STEAL
477, STEEL
477, STEELE
478,AUDIOLOG
478, HEAR
478, HERE
479,DEVAN
479, DEVEN
479, DEVIN
479, DEVON
479, DEVYN
480,BLAAC
480, BLOC
480, BLOCK
480, BLOK
481,AULD
481, OLD
481, OLDE
481, OLE
482,SQUEAKIE
482, SQUEAKY
482, SQUEEKIE
482, SQUEEKY
482,SQUEAKI
482, SQUEEKI
483,BRONSE
483, BRONZE
483,BRONS
483, BRONZ
484,CAESAR
484, CEASAR
484, CESAR
484, CESARE
485,CAIN
485, CANE
486,CALADONIA
486, CALEDONIA
487,CALIBER
487, CALIBRE
487,CALIB
487, CALIBR
488,CAN
488, CDN
489,DELUCKS
489, DELUX
489, DELUXE
489, DLUX
489, DULUX
489,DELUCK
490,ESIX
490, ESSEX
490, ESX
490, SX
491,EURO
491, URO
492,EWE
492, U
492, YEW
492, YOU
493,EXTREME
493, XSTREAM
493, XTREME
493,EXTREM
494,DEW
494, DO
494, DU
494, DUE
495,KWIC
495, KWICK
495, KWIK
495, QUICK
496,GOAR
496, GORE
497,GOFER
497, GOPHER
498,GORU
498, GURU
499,FORT
499, FT
500,GRAY
500, GREY
501,HAIDAWAY
501, HIDEAWAY
502,EXCELERAIT
502, EXCELERATE
502, EXCELLERAIT
502, EXCELLERATE
502, XLER8
502, XLERAIT
502, XLERATE
502, XLR8
502,EXCELER
502, EXCELERAIT
502, EXCELLER
502, XLERAT
503,HICKS
503, HICS
503, HIKS
503, HIX
503, HYC
503, HYX
503,HIC
503, HICK
503, HIK
504,HAITEC
504, HAITECH
504, HAITEK
504, HIGHTEC
504, HIGHTECH
504, HIGHTEK
504, HITEC
504, HITEK
504, HYTEC
504, HYTEK
505,1
505, ONE
505, UN
505, WONE
505, WUN
506,BACH
506, BAUCK
506, BAUK
506, BAWK
506, BOC
506, BOCK
506, BOK
507,SKEYE
507, SKI
507, SKY
507, SKYE
507,SKEY
508,WORDIST
508, WORDYST
509,ALIGN
509, ALINE
509, ALYNE
509, ALIN
509, ALYN
510,WIRED
510, WYRED
510,WIRE
510, WYRE
511,EAGLEEYE
511, EAGLEI
511,EAGLEEY
512,LEE
512, LEEH
512, LEIGH
512, LI
513,BC
513, BCEE
513, BEAC
513, BEACEE
513, BEEC
513, BEECEE
513, BEESEA
513, BRITISHCOLUMBIA
513, BRITISHCOLUMBIAN
513, BSEA
513, BSEE
513, BCBCBSEA
513, BEACE
513, BEECE
514,LOCAL
514, LOKAL
514, LOWCAL
514, LOWKL
515,MERKE
515, MERKEE
515, MERKEY
515, MERKI
515, MERKIE
515, MERKY
515, MERQUAY
515, MURCKE
515, MURCKEE
515, MURCKEY
515, MURCKIE
515, MURKE
515, MURKEE
515, MURKEY
515, MURKI
515, MURKIE
515, MURKY
515, MURQUAY
515,MERK
515, MERKE
515, MURCK
515, MURCKI
515, MURK
516,DEYE
516, DI
516, DIE
516, DY
516, DYE
516,DEY
517,HAPPINESS
517, HAPPYNESS
517,HAPPI
517, HAPPY
518,EPIC
518, EPICK
518, EPIQ
518, EPIQUE
518, EPIQU
519,C2SKY
519, C2SKYE
519, CTOSKY
519, CTWOSKY
519, CTWOSKYE
519, SEA2SKY
519, SEATOSKY
519, SEATOSKYE
519, SEE2SKY
519, SEETOSKY
519, SEETOSKYE
519,C2SKI
519, CTOSKI
519, CTWOSKI
519, SEA2SKI
519, SEATOSKI
519, SEE2SKI
519, SEETOSKI
520,KNOTT
520, KNOTTEA
520, KNOTTEE
520, KNOTTEY
520, KNOTTY
520, NAUGHTEA
520, NAUGHTEE
520, NAUGHTEY
520, NAUGHTIE
520, NAUGHTT
520, NAUGHTY
520, NOTT
520, NOTTEA
520, NOTTEE
520, NOTTEY
520, NOTTIE
520, NOTTY
520, KNOTTE
520, KNOTTI
520, NAUGHTE
520, NAUGHTI
520, NOTTE
520, NOTTI
521,FAVORIT
521, FAVORITE
521, FAVOURIT
521, FAVOURITE
522,LEARICAL
522, LEERICAL
522, LYRICAL
522, LYRICALL
522, LYRICUL
522, LYRICULL
522, LYRIQL
522,LEARIC
522, LEERIC
522, LYRIC
523,HART
523, HARTT
523, HEART
524,BRIET
524, BRIGHT
524, BRITE
525,TOUGH
525, TUF
525, TUFF
525, TUPH
526,CSON
526, SEASON
526, SEESON
527,LIFT
527, LYFT
528,FAERY
528, FAIREE
528, FAIREY
528, FAIRY
528, FAREY
528, FERREY
528, FERRIE
528, FERRY
528,FAERI
528, FAIRE
528, FAIRI
528, FERRI
529,COLECTIV
529, COLECTIVE
529, COLLECTIF
529, COLLECTIV
529, COLLECTIVE
529, KOLECTIV
529, KOLECTIVE
529, KOLLECTIF
529, KOLLECTIV
529, KOLLECTIVE
529,COLECT
529, COLECTIV
529, COLLECT
529, KOLECT
529, KOLLECT
530,MADDEN
530, MADDIN
530, MADDYN
530, MADEN
530, MADIN
530, MADYN
531,REC
531, RECK
531, WRECK
532,READE
532, READI
532, READY
532, REDDI
532, REDDY
532, REDE
532, REDI
532, REDY
532,READ
533,RICHE
533, RICHIE
533, RITCHE
533, RITCHIE
533,RICH
533, RICHI
533, RITCH
533, RITCHI
534,CHARIS
534, KARIS
534,CHARI
534, KARI
535,LIHT
535, LIT
535, LYT
536,SUITE
536, SWEET
536,SUIT
537,SAGE
537, SAJE
538,DEVI8
538, DEVIATE
538, DV8
538, DYVI8
538, DEVIAT
539,ENOUGH
539, ENUF
539, ENUFF
540,WAIGAR
540, WAYGAR
540, WHAYGAR
540, WHEYGAR
541,CENTER
541, CENTR
541, CENTRE
541, SCENTER
541, SCENTR
541, SCENTRE
542,A
542, EH
542,AEH
543,WERTH
543, WIRTH
543, WORTH
543, WURTH
544,HOLD
544, HOLDCO
544, HOLDCORP
544, HOLDINGS
544, HOLDINGSCO
545,TIGHTEN
545, TIGHTON
545, TITAN
545, TITEN
545, TITEON
545, TITON
545, TYTAN
545, TYTEN
545, TYTIN
545, TYTYN
546,CALIS
546, CALLIS
546, CALLOUS
546, CALLYS
546, KALIS
546, KALLIS
546, KALLOUS
546, KALLYS
546, KALYS
546,CALI
546, CALLI
546, KALI
546, KALLI
547,EXPRESS
547, XPRESS
548,SING
548, SINGH
549,VEATA
549, VEATAH
549, VEETA
549, VEETAH
549, VITA
549, VITAH
549, VTA
549, VTAH
550,CERVIS
550, CERVUS
550, SERVICE
550, SERVIS
550, SERVUS
550, SIRVIS
550, SIRVUS
550, SURVIS
550,CERVI
550, SERVI
550, SERVIC
550, SIRVI
550, SURVI
551,REAL
551, REEL
552,GLOBAL
552, GLOBALL
552, GLOWBAL
552, GLOWBALL
553,MAEVEN
553, MAEVENN
553, MAEVIN
553, MAEVINN
553, MAEVYN
553, MAEVYNN
553, MAVEN
553, MAVIN
553, MAVYN
553, MAYVENN
553, MAYVIN
553, MAYVYN
554,VICKEY
554, VICKI
554, VICKIE
554, VICKY
554, VIKI
554, VIKIE
554, VIKKEY
554, VIKKI
554, VIKKIE
555,EXPERIENCE
555, XPERIENCE
555,EXPERI
555, XPERIENC
556,LAUREE
556, LAUREY
556, LAURIE
556, LAURREY
556, LAURRIE
556, LOREE
556, LOREY
556, LORI
556, LORIE
556, LORREY
556, LORRIE
556, LORRY
556, LORY
556,LAURE
556, LAURI
556, LAURRI
556, LORE
556, LORRI
557,JEWC
557, JEWCEE
557, JUCEE
557, JUCI
557, JUICY
557, JEWCE
557, JUCE
557, JUICI
558,MARKEN
558, MARKENN
558, MARKIN
558, MARKINN
558, MARKYN
558, MARKYNN
559,OAK
559, OKE
559, OOAK
560,CC
560, CICI
560, CSEA
560, CSEE
560, SEAC
560, SEASEE
560, SEEC
560, SEESEE
560, SEASE
560, SEESE
561,SHEAR
561, SHEER
561, SHERE
561, SHIER
562,CALLO
562, CALLOH
562, CALLOW
562, CALO
562, KALLO
562, KALLOH
562, KALLOW
562, KALO
563,ECS
563, EKS
563, EX
563, X
563,EC
563, EK
563, EXX
564,FEANA
564, FEANAH
564, FEENA
564, FEENAH
564, FINA
564, FINAH
564, PHEANA
564, PHEENA
564, PHEENAH
564, PHINA
565,FOHN
565, FONE
565, PHONE
566,ATLAS
566, ATLIS
566, ATLUS
566, ATLYS
566,AT
566, ATLAS
567,FLICKS
567, FLICS
567, FLIKS
567, FLIX
567, FLYCKS
567, FLYX
567,FLIC
567, FLICK
567, FLIK
567, FLYCK
568,HANSAN
568, HANSEN
568, HANSIN
568, HANSON
568, HANSUN
568, HANSYN
569,HEALTHE
569, HEALTHEY
569, HEALTHI
569, HEALTHIE
569, HEALTHY
569,HEALTH
570,MAREA
570, MARIA
571,NABOR
571, NAYBOR
571, NAYBOUR
571, NEIGHBOR
571, NEIGHBOUR
571, NEYBOR
572,VAIREY
572, VAIRY
572, VAREE
572, VAREY
572, VARIE
572, VARRIE
572, VARY
572, VEREY
572, VERIE
572, VERRIE
572, VERY
572, VAIRI
572, VARE
572, VARI
572, VARRI
572, VERI
572, VERRI
573,MOADEM
573, MOADUM
573, MODEIM
573, MODEM
573, MODEUM
573, MODIM
573, MODUM
573, MODYM
574,PREAMO
574, PREAMOH
574, PREEMO
574, PREEMOH
574, PREMO
574, PREMOH
574, PRIMO
574, PRIMOH
575,FAIR
575, FAIRE
575, FARE
575, FAYRE
575, PHAIR
575, PHAIRE
575, PHARE
575, FAYR
576,TEARIS
576, TERRACE
576, TERRIS
576, TERRUS
576,TEARI
576, TERRAC
576, TERRI
577,ELAGENCE
577, ELEGENCE
577,ELAG
577, ELEG
578,MASC
578, MASK
578, MASQUE
578, MASQU
579,B4
579, BE4
579, BEA4
579, BEAFOR
579, BEAFOUR
579, BEE4
579, BEEFOR
579, BEEFOUR
579, BEFOR
579, BEFORE
579, BEFOUR
580,METAL
580, METELLE
580, METTEL
580, METTLE
580, METELL
580, METTL
581,PRACKTISS
581, PRACTICE
581, PRACTISE
581, PRACTISS
581, PRACTYSS
581, PRAKTISS
581, PRACTIC
581, PRACTIS
582,WOOD
582, WOULD
583,CEENA
583, CEENAH
583, CNA
583, CNAH
583, SCENEA
583, SEANA
583, SEANAH
583, SEENA
583, SEENAH
583, SINA
584,ARISE
584, ARIZE
584, ARYSE
584, ARYZE
584,ARIS
584, ARIZ
584, ARYS
584, ARYZ
585,UBC
585, UBCEE
585, UBSEE
585, UBYSSEY
585, UNIVERCITYOFBC
585, UNIVERCITYOFBRITISHCOLUMBIA
585, UNIVERSITYOFBRITISHCOLUMBIA
585, UBCE
585, UBSE
585, UNIVERCITYOFBCUNIVERSITYOFBC
586,WHISE
586, WHIZE
586, WHYSE
586, WHYZE
586, WISE
586, WIZE
586, WYSE
586, WYZE
587,WHIN
587, WHYN
587, WIN
587, WYN
588,WHYND
588, WIND
588, WYND
589,WEATHERB
589, WEATHERBEE
589, WEATHERBY
589, WHEATHERB
589, WHEATHERBEE
589, WHEATHERBY
589, WEATHERBE
589, WEATHERBI
589, WHEATHERBE
589, WHEATHERBI
590,WHITE
590, WHYTE
590, WIGHT
590, WIGHTE
590, WITE
590, WYGHT
590, WYGHTE
590, WYTE
591,WALACE
591, WALIS
591, WALLACE
591, WALLIS
591, WALLUCE
591, WALUCE
591, WHALLACE
591, WHALLUS
591,WALAC
591, WALI
591, WALLAC
591, WALLI
591, WALLUC
591, WALUC
591, WHALLAC
592,VANCOUVERISLAND
592, VANISLAND
592, VANISLE
592, VI
592, VANISL
593,USEREXPER
593, USEREXPERIENCE
593, UX
593,USEREXP
593, USEREXPERI
594,TRIAD
594, TRYAD
594, TRYADD
595,UNIVERCITYVICTORIA
595, UNIVERSITYVICTORIA
595, UVIC
596,TRAI
596, TRI
596, TRY
597,SHAREN
597, SHARIN
597, SHARON
597, SHARYN
598,SEUMAS
598, SOOMAS
598, SUMAS
598,SEUMA
598, SOOMA
598, SUMA
599,SEAGUL
599, SEAGULL
599, SEGAL
599, SIEGAL
599, SIEGEL
600,CUANTUM
600, KWANTEM
600, KWANTUM
600, QUANTEM
600, QUANTUM
601,VALEE
601, VALLEE
601, VALLEY
601, VALLY
601, VALY
601,VALE
601, VALI
601, VALLE
601, VALLI
602,SPARTAN
602, SPARTEN
602, SPARTIN
602, SPARTON
602, SPARTUN
602, SPARTYN
603,SFU
603, SIMONFRASERUNIVERCITY
603, SIMONFRASERUNIVERSITY
603, SIMONFRASERUNIVERC
603, SIMONFRASERUNIVERS
604,PROFIT
604, PROPHET
604, PROPHIT
605,PAIRADICE
605, PAIRADISE
605, PARADICE
605, PARADISE
605,PAIRADIC
605, PAIRADIS
605, PARADIC
605, PARADIS
606,MAISER
606, MAIZER
606, MISER
606, MIZER
606, MYSER
606, MYZER
607,GRIFFIN
607, GRIFFON
607, GRIFFYN
607, GRIFIN
607, GRIFON
607, GRIFYN
607, GRIPHIN
607, GRIPHON
607, GRIPHYN
607, GRYPHON
608,LINC
608, LINK
608, LINKS
608, LINX
608, LYNC
608, LYNK
608, LYNX
609,LEAR
609, LEER
610,METRIC
610, METRICK
610, METRIK
610, METRIX
611,WOMAN
611, WOMEN
612,UNEEK
612, UNEEQ
612, UNIQ
612, UNIQUE
612, YEWNEEK
612, YEWNIQUE
612, YOUNEEK
612, YOUNIQUE
612, UNIQU
612, YEWNIQU
612, YOUNIQU
613,CINNER
613, CYNNER
613, SINNER
613, SYNNER
614,ADAIR
614, ADARE
614, ADDAIR
614, ADDARE
614, ADEHR
614, ADAR
614, ADDAR
615, GENN
615, JEN
615, JENN
616,HECKTIC
616, HECKTICK
616, HECTIC
616, HECTICK
617,GIRL
617, GURL
618,VIRTU
618, VIRTUE
619,PAWSITIVELY
619, POSITIVELY
619,PAWSIT
619, POSIT
620,KNEW
620, NEU
620, NEW
620, NIEU
620, NOO
620, NU
621,DEYEMOND
621, DIAMOND
621, DIEMOND
621, DIMOND
621, DYEMOND
621, DYMOND
622,ARAE
622, ARAY
622, ARAYE
622, ARRAY
622,ARA
623,GRAYWAHL
623, GRAYWALL
623, GREHWALL
623, GREWAHL
623, GREWAL
623, GREYWAHL
623, GREYWALL
623, GRAYWAL
623, GREHWAL
623, GREYWAL
624,BRAHN
624, BRAUN
624, BRAWN
624, BRON
625,EYECITE
625, EYESIGNT
625, EYESITE
625, ICITE
625, ISIGHT
625, ISITE
625,EYECIT
625, EYESIT
625, ICIT
625, ISIT
626,GRAIZE
626, GRAYS
626, GRAYZ
626, GRAZE
626, GREYS
626,GRAIZ
626, GRAY
626, GREY
627,AMIRA
627, AMIRAH
627, AMYRA
627, AMYRAH
627, AMYRRA
627, AMYRRAH
628,GORD
628, GOURD
629,INTRINSIC
629, INTRINSIK
629, INTRINSYC
629, INTRINSYK
629,INTRINS
630,KNOW
630, NEAU
630, NO
631,BAIN
631, BANE
631, BAYNE
631, BAYN
632,AURIC
632, AURICK
632, AURIK
632, ORIC
632, ORICK
632, ORIK
632, ORRIC
632, ORRICK
633,BERD
633, BIRD
633, BURD
634,CARLEA
634, CARLEE
634, CARLEIGH
634, CARLEY
634, CARLIE
634, CARLY
634, KARLEA
634, KARLEE
634, KARLEIGH
634, KARLEY
634, KARLIE
634, KARLY
634,CAR
634, CARLE
634, CARLEA
634, CARLI
634, KAR
634, KARLE
634, KARLI
635,TAYLOHRD
635, TAYLORD
635, TAYLORED
635, TAYLOR
636,CHILLIWACK
636, CHILLYWACK
637,EMPOWERD
637, EMPOWERED
637, EMPOWORD
637, MPOWERED
637,EMPOW
637, EMPOWERD
637, MPOWER
638,REKNEW
638, RENEW
638, RENU
639,STOHRE
639, STOHREE
639, STOHREY
639, STOHRIE
639, STOREE
639, STOREY
639, STORIE
639, STORREE
639, STORREY
639, STORRIE
639, STORY
639,STOHR
639, STOHRE
639, STOHRI
639, STORE
639, STORI
639, STORRE
639, STORRI
640,SAUNDER
640, SAUNDIR
640, SAWNDER
640, SONDER
640, SONDR
641,CANA
641, CANAH
641, CANNA
641, CANNAH
641, KANAH
641, KANNAH
642,OAN
642, OHN
642, OWN
643,V
643, VEE
643, VIE
644,CLEAN
644, CLIEN
644, KLEAN
644, KLEEN
645,LOOSEE
645, LOOSEY
645, LOOSIE
645, LUCEY
645, LUCI
645, LUCY
645,LOOSE
645, LOOSI
646,JEWN
646, JOON
646, JUHN
646, JUNE
647,CHRISTAL
647, CHRISTELLE
647, CHRYSTAL
647, CRISTAL
647, CRISTOL
647, CRYSTAL
647, CRYSTOL
647, KRISTAL
647, KRISTELLE
647, KRISTOL
647, KRYSTAL
647, CHRISTELL
647, KRISTELL
648,EARN
648, ERN
648, URN
649,SHAE
649, SHAY
649, SHEA
650,LOFTE
650, LOFTEA
650, LOFTEE
650, LOFTEY
650, LOFTI
650, LOFTIE
650, LOFTY
650,LOFT
650, LOFTE
651,FLASCH
651, FLASH
652,SAND
652, SANDE
652, SANDEA
652, SANDEE
652, SANDEY
652, SANDI
652, SANDIE
652, SANDY
653,BEAN
653, BEEN
653, BENE
654,CELINA
654, CELINAH
654, SALEENA
654, SALENA
654, SALINA
655,RIC
655, RICK
655, RIK
656,RHEA
656, RHIA
656, RIA
657,ROI
657, ROY
658,FIL
658, FILL
658, PHIL
658, PHILL
659,COREE
659, COREY
659, CORIE
659, CORREY
659, CORRIE
659, CORY
659, KOREE
659, KOREY
659, KORIE
659, KORREY
659, KORRIE
659, KORY
659, QORI
659,CORE
659, CORI
659, CORRI
659, KORE
659, KORI
659, KORRI
660,NOOD
660, NUD
660, NUDE
661,HEW
661, HUE
661, HUGH
662,NASCO
662, NASKO
662, NAZCO
662, NAZKO
663,EDUC8
663, EDUCAIT
663, EDUCATE
663,EDUC
663, EDUC8
664,BILT
664, BUILT
665,CYNERGIE
665, CYNERGY
665, SINERGIE
665, SINERGY
665, SYNERGIE
665, SYNERGY
665,CYNERGI
665, SINERGI
665, SYNERGI
666,ROCKS
666, ROCS
666, ROKS
666, ROX
666,ROC
666, ROCK
666, ROK
667,MACEE
667, MACEY
667, MACI
667, MACIE
667,MACE
668,SHIFT
668, SHIIFT
668, SHYFT
669,WAY
669, WHAE
669, WHAY
669, WHEY
670,J
670, JAE
670, JAY
670, JEY
671,STALK
671, STAUC
671, STAUK
671, STAWK
671, STOC
671, STOCK
671, STOK
672,MAIRIT
672, MAREIT
672, MERIT
672, MERITT
672, MERRIT
672, MERRITT
673,ANEW
673, ANOO
673, ANOU
673, ANU
674,GORILLA
674, GORILLAH
674, GUERILLA
674, GUERILLAH
675,4EST
675, 4IST
675, FOREST
675, FORIST
675, FORREST
675, FORRIST
675, FOURIST
676,MACKLAIR
676, MACKLARE
676, MACLAIR
676, MACLARE
676, MCCLAIR
676, MCCLARE
676, MACKLAR
676, MACLAR
677,AIMS
677, AMES
677, AYMS
677,AIM
677, AME
677, AYM
678,FUNKEE
678, FUNKEY
678, FUNKIE
678, FUNKY
678, PHUNKEE
678, PHUNKEY
678, PHUNKIE
678, PHUNKY
678,FUNKE
678, FUNKI
678, PHUNKE
678, PHUNKI
679,CSHELL
679, SEASHELL
679, SEESHELL
679, SEASHEL
679, SEESHEL
680,KNOW1
680, KNOWONE
680, NO1
680, NOONE
680, KNOWON
680, NOON
681,MAURICE
681, MOHRIS
681, MORIS
681, MORRIS
681,MAURIC
681, MOHRI
681, MORI
681, MORRI
682,GEEGEE
682, GG
682, GIGI
682,GEEGE
683,FARMAC
683, FARMACIE
683, FARMACY
683, PHARMAC
683, PHARMACEY
683, PHARMACIE
683, PHARMACY
683, FARMACI
683, PHARMACI
684,DAURA
684, DORA
684, DORAH
685,MIND
685, MYND
686,QUINNTET
686, QUINNTETTE
686, QUINTET
686, QUINTETTE
686, QUINNTETT
686, QUINTETT
687,HEALER
687, HEALLER
687, HEALR
687, HEELER
687, HEELLER
687, HEELR
688,KEE
688, KEY
688, QUAY
688, QUEE
689,LOC
689, LOCH
689, LOCK
689, LOK
690,VAPEOR
690, VAPER
690, VAPOR
690, VAPOUR
691,FRAEZ
691, FRAISE
691, FRAIZE
691, FRASE
691, FRAYS
691, FRAYZ
691, FRAYZE
691, FRAZE
691, FREYS
691, PHRAEZ
691, PHRASE
691, PHRAYS
691, PHRAZE
691, FRAIS
691, FRAIZ
691, FRAY
691, FREY
691, PHRAY
692,SEWFEE
692, SEWFEY
692, SEWPHEE
692, SEWPHEY
692, SOFE
692, SOFEE
692, SOFEY
692, SOFI
692, SOFIE
692, SOPHEE
692, SOPHEY
692, SOPHI
692, SOPHIE
692, SOPTHEE
692,SEWFE
692, SEWPHE
692, SOPHE
692, SOPTHE
693,2LIP
693, TOLIP
693, TOOLIP
693, TULIP
693, TWOLIP
694,GENETIC
694, GENETICK
694, GENNETIC
694, JENETIC
694, JENETICK
694, JENNETIC
694,GENET
694, GENNET
694, JENET
694, JENNET
695,MOREGAGE
695, MOREGIDGE
695, MORGAGE
695, MORGIDGE
695, MORTGAGE
695,MOREGAG
695, MOREGIDG
695, MORGAG
695, MORGIDG
695, MORTGAG
696,SOFIA
696, SOPHIA
697,INCITE
697, INCYTE
697, INSIGHT
697, INSITE
697,INCIT
697, INCYT
697, INSIT
698,HOLE
698, WHOLE
699,COOGER
699, COUGAR
699, CUGAR
699, CUGER
699, KEWGAR
699, KEWGER
699, KOUGAR
699, KOUGER
699, KUGAR
699, KUGER
700,DEUCE
700, DOUCE
700, DUCE
700,DEUC
700, DOUC
701,BOUTEAK
701, BOUTEEK
701, BOUTEKE
701, BOUTIQUE
701, BOWTEAK
701, BOWTEEK
701, BOUTEK
701, BOUTIQU
702,KNOTTING
702, NOTTING
702,KNOT
702, NOT
703,BRAISED
703, BRAIZED
703, BRAZED
703,BRAIS
703, BRAIZ
703, BRAZE
704,MARKET
704, MARKIT
704, MARKITT
704, MARQUET
704, MARQUETT
705,VERCEATYLE
705, VERSATILE
705, VURSATYLE
705,VERCEATYL
705, VERSATIL
705, VURSATYL
706,BARING
706, BEARING
706, BEHRING
706, BERING
706, BERRING
706,BARE
706, BEAR
706, BEHR
706, BER
706, BERE
707,KNEETO
707, KNEETOO
707, KNEETWO
707, NEATU
707, NEATWO
707, NEETOO
707, NEETU
707, NEETWO
707, NETU
707, NITU
708,LAPPED
708, LAPT
708,LAP
709,CAPITAL
709, CAPITOL
709,CAPIT
710,MANNPOWER
710, MANPOWER
710,MANNPOW
710, MANPOW
711,AVACADO
711, AVOCADO
712,AMPD
712, AMPED
712,AMP
712, AMPD
713,BLEWM
713, BLOOM
713, BLUM
713, BLUME
714,EYEDEAL
714, IDEAL
714,EYED
715,JOANC
715, JOANSEA
715, JOANSEE
715, JOANSEY
715, JOANSIE
715, JOANSY
715, JOANZ
715, JOANZE
715, JOANZEA
715, JOANZEE
715, JOANZIE
715, JONEC
715, JONESE
715, JONESEA
715, JONESEE
715, JONESEY
715, JONESIE
715, JONESY
715, JONEZ
715, JONEZE
715, JONEZEA
715, JONEZEE
715, JONEZIE
715, JOANSE
715, JOANSI
715, JOANZI
715, JONES
715, JONESI
715, JONEZI
716,WESTWARD
716, WESTWORD
717,AIR
717, AYR
717, AYRE
717, EHR
717, ERR
717, HEIR
718,HOLISTIC
718, HOLISTICK
718, HOLYSTIC
718, HOLYSTICK
718, WHOLISTIC
718, WHOLISTICK
718,HOLIST
718, HOLYST
718, WHOLIST
719,MINT
719, MYNT
720,BAREIN
720, BAREN
720, BARIN
720, BARON
720, BARREN
720, BARRON
720, BARRYN
720, BARYN
720, BEARIN
721,RUSHIN
721, RUSHN
721, RUSHYN
721, RUSSIAN
722,THINC
722, THINK
722, THYNC
722, THYNK
723,PARAD
723, PARADEE
723, PARIDEE
723, PAROD
723, PARODY
723, PARADE
723, PARIDE
723, PARODI
724,HEALTH
724, HELLTH
724, HELTH
725,DEVEL
725, DEVIL
726,ZIPE
726, ZIPPY
726, ZIPPI
727,HEWESTON
727, HOUSTEN
727, HOUSTENN
727, HOUSTIN
727, HOUSTINN
727, HOUSTON
727, HOUSTONN
727, HOUSTYN
727, HOUSTYNN
727, HUESTON
727, HUESTONN
728,LABERNUM
728, LABURNUM
729,TREW
729, TROO
729, TROOH
729, TRUE
730,JADEN
730, JADIN
730, JAEDEN
730, JAEDIN
730, JAEDYN
730, JAYDAN
730, JAYDEN
730, JAYDIN
730, JAYDYN
731,TARA
731, TARAH
731, TEARA
731, TERA
731, TERAH
731, TERRA
731, TERRAH
732,BERGER
732, BURGER
733,KNOCKS
733, KNOX
733, NAUX
733, NOX
733,KNOCK
734,RAI
734, REYE
734, RYE
734, REY
735,POHR
735, POOR
735, PORE
735, POUR
736,MAIN
736, MAINE
736, MANE
736, MAYN
736, MAYNE
737,M8
737, MAIGHT
737, MAIT
737, MATE
737, MAYT
737, MAYTE
737, MEIGHT
738,LEWNA
738, LOONA
738, LUNA
739,BELLEWOOD
739, BELLWOOD
739, BELWOOD
740,AMEGO
740, AMIGO
741,RAIL
741, RALE
741, RAYL
742,EAREY
742, EARIE
742, EERIE
742, ERIE
742, IREE
742, IRIE
742, IRIEE
742, EARI
742, EERI
742, ERI
742, IRE
742, IRI
743,CAREIS
743, CHARIS
743, KAREIS
743, KARIS
743, KERES
743, KERIS
743, KERRIS
743,CAREI
743, CHARI
743, KAREI
743, KARI
743, KERE
743, KERI
743, KERRI
744,GALA
744, GALLA
745,AEGIS
745, AGEIS
745,AEGI
745, AGEI
746,VIBES
746, VIBEZ
746, VYBZ
746,VIBE
747,DAWG
747, DAWGZ
747, DOG
747, DOGZ
748,AGILE
748, AJILE
748,AGIL
748, AJIL
749,TEWN
749, TOON
749, TUNE
750,JAIN
750, JAINE
750, JANE
750, JAYN
750, JAYNE
751,CITE
751, CYTE
751, SIGHT
751, SITE
751, SYTE
752,DEETAIL
752, DEETALE
752, DEETAYLE
752, DETAIL
752, DETALE
752, DETAYLE
752, DTAIL
752, DEETAL
752, DEETAYL
752, DETAL
752, DETAYL
753,C2C
753, C2SEA
753, C2SEE
753, CTOC
753, CTOOC
753, CTOOSEA
753, CTOSEA
753, CTWOC
753, CTWOSEA
753, SEA2C
753, SEA2SEA
753, SEA2SEE
753, SEATOC
753, SEATOSEA
753, SEATOSEE
753, SEE2SEE
753, SEETOC
753, SEA2SE
753, SEATOSE
753, SEE2SE
754,ANATOME
754, ANATOMEY
754, ANATOMIE
754, ANATOMII
754, ANATOMY
754,ANATOM
754, ANATOMI
755,DAVINE
755, DEVINE
755, DIVINE
755, DYVINE
755,DAVIN
755, DEVIN
755, DIVIN
755, DYVIN
756,FACKTORE
756, FACKTOREE
756, FACKTOREY
756, FACKTORIE
756, FACKTORY
756, FACTORE
756, FACTOREE
756, FACTOREY
756, FACTORIE
756, FACTORY
756, FAKTORE
756, FAKTOREE
756, FAKTOREY
756, FAKTORIE
756, FAKTORY
756,FACKTOR
756, FACKTORE
756, FACKTORI
756, FACTOR
756, FACTORI
756, FAKTOR
756, FAKTORI
757,AYEC
757, AYECEE
757, AYESEA
757, AYESEE
757, EYEC
757, EYECEE
757, EYESEA
757, EYESEE
757, IC
757, ICEE
757, ISEA
757, ISEE
757, AYECE
757, AYESE
757, EYECE
757, EYESE
757, ICE
757, ISE
758,APLUS
758, EHPLUS
759,EDTEC
759, EDTECH
759, EDTEK
760,PRISIM
760, PRISM
760, PRISUM
760, PRISYM
760, PRIZIM
760, PRIZM
760, PRYSM
760, PRYSUM
760, PRYZM
761,ACKS
761, ACTS
761, AKS
761, AX
761, AXE
761,ACK
761, ACT
761, AK
762,FINCO
762, FINKO
762, FINNCO
762, FINNKO
762, FYNNCO
762, PHINCO
762, PHINKO
762, PHINNCO
762, PHINNKO
762, PHYNCO
762, PHYNKO
762, PHYNNCO
762, PHYNNKO
763,SEW
763, SO
763, SOW
764,WIDE
764, WYDE
765,HAIRE
765, HAIREY
765, HAIRIE
765, HAIRY
765, HARI
765, HARIE
765, HARRI
765, HARRIE
765,HAIR
765, HAIRI
766,ENVEE
766, ENVI
766, ENVIE
766, ENVY
766, NV
766,ENVE
767,DAAHL
767, DAAL
767, DAHL
767, DAUL
767, DAWL
767, DOLL
768,DOHZ
768, DOUGHS
768, DOZE
768, DOUGH
769,CEEFOOD
769, CFOOD
769, SEAFOOD
769, SEEFOOD
770,EAUK
770, OHK
770, OK
770, OKAY
771,RHITHM
771, RHYTHM
771, RITHM
771, RYTHM
772,KELIE
772, KELLE
772, KELLEY
772, KELLIE
772, KELLY
772,KELI
772, KELL
772, KELLI
773,SOLD
773, SOLED
773, SOULD
773, SOULED
773, SOLE
773, SOUL
774,MADEIN
774, MADEN
774, MAIDEN
774, MAYDEN
774, MAYDIN
775,OHNICE
775, OHNUS
775, ONACE
775, ONICE
775, ONIS
775, ONUS
775, OWNACE
775, OWNICE
775, OWNIS
775, OWNUS
775,OHNIC
775, ONAC
775, ONI
775, ONIC
775, OWNAC
775, OWNI
775, OWNIC
776,ELECTRONIC
776, ELECTRONICK
776, ELECTRONIK
776,ELECTRON
777,TOAD
777, TODE
777, TOED
777, TOWD
777, TOWED
777,TO
777, TOAD
777, TOW
778,CIDER
778, CYDER
778, SIDER
778, SYDER
779,SAEL
779, SAIL
779, SALE
779, SAYL
779, SAYLE
780,MARKD
780, MARKED
780, MARKT
780,MARK
780, MARKD
781,KAYVAN
781, KEIVAN
782,UTOPIA
782, YEWTOPIA
782, YOUTOPIA
783,CANADIAN
783, CANADIYAN
783, CANADYAN
783, KANADIAN
783, KANADIYAN
783, KANADYAN
784,CAILA
784, CAILAH
784, CAYLA
784, KAILA
784, KAILAH
784, KAYLA
784, KAYLAH
785,AJ
785, AJAE
785, AJAY
785, EHJAE
785, EHJAY
785, AJA
785, EHJA
786,PRESENCE
786, PRESENTS
786,PRESENC
786, PRESENT
787,MOSAIC
787, MOZAIC
788,RAPTER
788, RAPTOR
788, WRAPTER
788, WRAPTOR
789,GAIA
789, GAYA
789, GUYA
790,COAL
790, COHL
790, COLE
790, KOHL
790, KOLE
791,KAIA
791, KAYA
791, KIAH
792,SOUSA
792, SOUZA
792, SUSA
792, SUZA
793,MEANT
793, MEHNT
793, MENT
794,GAIND
794, GAINED
794, GAYND
794,GAIN
794, GAIND
795,VERTA
795, VIRTA
795, VYRTA
796,MAURI
796, MAURRI
796, MAURRY
796, MAURY
796, MOREE
796, MOREY
796, MORI
796, MORIE
796, MORREY
796, MORRIE
796, MORY
796, MORE
796, MORRI
797,PREAMA
797, PREEMA
797, PREMA
797, PRIMA
798,BUDDEY
798, BUDDIE
798, BUDDY
798, BUDE
798, BUDDI
799,WE
799, WEE
799, WI
800,JAECO
800, JAEKO
800, JAYCO
800, JAYKO
800, JEYCO
800, JEYKO
801,NUMEREAU
801, NUMERO
801, NUMEROW
802,OKANAGAN
802, OKANAGON
802, OKANOGGIN
803,ADAM
803, ADEM
804,ROSEE
804, ROSEY
804, ROSIE
804, ROWSE
804, ROWSEY
804, ROWSIE
804, ROZEE
804, ROZEY
804, ROZIE
804, ROZY
804,ROSE
804, ROSI
804, ROWS
804, ROWSI
804, ROZE
804, ROZI
805,SOLACE
805, SOLICE
805, SOLIS
805, SOLLACE
805, SOLLICE
805, SOLLIS
805,SOLAC
805, SOLI
805, SOLIC
805, SOLLAC
805, SOLLI
805, SOLLIC
806,SMARTEST
806, SMARTIST
807,EAU
807, O
807, OH
807, OWE
807, OOH
808,MORNING
808, MOURNING
808,MORN
808, MOURN
809,CARAT
809, CARROT
809, KARAT
810,MELANE
810, MELANEY
810, MELANIE
810, MELANY
810, MELLANEY
810, MELLANIE
810, MELLANY
810, MELLONE
810, MELLONEY
810, MELLONIE
810, MELONE
810, MELONEY
810, MELONIE
810,MELAN
810, MELANI
810, MELLANI
810, MELLON
810, MELLONI
810, MELON
810, MELONI
811,MACKSIMILIANN
811, MACKSIMILLIAN
811, MACKSYMYLYAN
811, MAKSIMILIAN
811, MAXEMILIAN
811, MAXEMILLIIAN
811, MAXIMILIAN
811, MAXIMILIANN
811, MAXIMILION
811, MAXIMILLIAN
811, MAXIMILLIANN
811, MAXIMILLION
811, MAXIMILON
811, MAXXIMILIAN
811, MAXYMYLLYAN
811, MAXYMYLYAN
811, MAXYMYLYANN
812,YEARN
812, YERN
812, YURN
813,ENVISION
813, NVISION
813,ENVIS
814,WALLE
814, WALLEY
814, WALLIE
814, WALLY
814, WHALLEY
814, WHALLIE
814, WHALLY
814,WALL
814, WALLI
814, WHALLI
815,ZAARA
815, ZAAREH
815, ZAARRA
815, ZARA
815, ZARAH
815, ZAREH
815, ZARRA
815, ZARRAH
815, ZARREH
816,PENE
816, PENEE
816, PENKNEE
816, PENNE
816, PENNEE
816, PENNEY
816, PENNIE
816, PENNY
816, PENKNE
816, PENN
816, PENNI
817,LUCKS
817, LUX
817, LUXE
817, LUXX
817,LUCK
818,DEESIRE
818, DEEZIRE
818, DESIRE
818, DEZIRE
818, DSIRE
818, DZIRE
818, DZYRE
818,DEESIR
818, DEEZIR
818, DESIR
818, DEZIR
819,ALBREIT
819, ALBRIGHT
819, ALBRITE
819, ALBRYTE
819, ALLBREIT
819, ALLBRIGHT
819, ALLBRITE
819, ALLBRYTE
819, AWLBREIT
819, AWLBRIGHT
819, AWLBRITE
819, AWLBRYTE
819, ALBRIT
819, ALBRYT
819, ALLBRIT
819, ALLBRYT
819, AWLBRIT
819, AWLBRYT
820,TRENDE
820, TRENDEE
820, TRENDEY
820, TRENDI
820, TRENDIE
820, TRENDY
820,TREND
820, TRENDE
821,EXACT
821, EXZACT
821, XACT
822,KISMET
822, KIZMET
823,CHICKEN
823, CHICKIN
823, CHICKINN
823, CHICKYN
824,AWAL
824, AWALL
824, AWOL
824, EHWAL
824, EHWALL
824, EHWOL
825,CHEMSIS
825, CHEMSYS
825, KEMSIS
825, KEMSYS
825,CHEMSI
825, KEMSI
826,TECHEY
826, TECHI
826, TECHIE
826, TECHY
826, TECKE
826, TECKIE
826, TEKE
826, TEKEE
826, TEKEY
826, TEKHI
826, TEKIE
826, TEKKEY
826, TEKKIE
826, TEKY
826, TECK
826, TECKI
826, TEKI
826, TEKKI
827,CAPITAL
827, CAPITOL
827, KAPITAL
827, KAPITOL
827,CAPIT
827, KAPIT
828,CASE
828, CAYSE
828, KAIIS
828, KASE
828, KAYSE
828, CAYS
828, KAII
828, KAYS
1240,Joe 
1240,joseph
1240,joey
1240,jose
1241,tidd
1241,tadd
1241,todd
1241,taddei
1241,theed
1241,tod
1241,tad
1241,tadda
1242,baird
1242,boyf
1242,bard
1243,william
1243,will
1243,bill
1243,billy
1243,wil
1243,bill
1243,wiliam
1244,robert
1244,robertson
1244,roberto
1244,robart
1244,bobby
1244,bob
1245,mclellan
1245,mclelland
1246,vanruittenberg
1246,van ruitenberg
1246,van ruittenberg
1246,vanruttenberg
1246,van ruttenberg
1247,ingram
1247,ingersoll
1248,brown 
1248,bryan
1248,breen
1248,brem
1248,brian
1248,braun
1248,bryant
1248,brine
1248,briones
1248,bruneau
1249,ryan
1249,rhianna
1249,rhian
1249,raymoe
1249,rem
1249,rian
1249,rona
1249,reanna
1249,reana
1250,cochrane
1250,cochran
1251,jordan
1251,jordon
1251,jardine
1251,jorden
1251,jordan
1251,jordin
1251,jardon
1251,jardin
1252,eric
1252,erik
1252,erica
1252,erric
1252,errik
1252,erice
1253,cathleen
1253,kathleen
1253,katherine
1253,kathy
1253,cathy
1253,catherin
1253,catherine
1253,chathy
1254,zhang
1254,zhong
1254,zong
1254,zang
1254,zeng
1254,zheng
1255,shui 
1255,shi
1255,shau
1255,shaui
1255,shao
1255,shu
1255,shiyu
1255,shao
1255,shuo
1256,megan
1256,marian
1256,megs
1256,magen
1256,migen
1256,mag
1257,sawaranjit
1257,saranjit
1257,sharanjeet
1258,sing
1258,singh
1258,sangh
1258,sangha
1258,singha
1259,daniel
1259,daniel
1259,danna
1259,dana
1259,danny
1259,donny
1259,don
1260,kera
1260,khera
1260,kerr
1260,keris
1260,kerris
1260,ker
1260,kira
1261,peter
1261,pete
1261,piter
1261,pite
1261,perry
1261,peti
1262,janson
1262,jenson
1262,janseen
1262,janssen
1262,janzen
1263,tian
1263,tien
1263,tiayen
1264,lee
1264,li
1264,lie
1264,lii
1264,le
1265,ya
1265,yu
1265,ye
1265,yee
1266,gao
1266,gui
1266,gai
1267,cooke
1267,cook
1267,cuok
1267,couk
1267,chuyko
1267,chayko
1267,chucko
1268,eprmaple
1268,maple
1269,kdms
1269,cdms
1269,cdms
1269,kdm
1270,andal
1270,andalco
1270,andel
1270,andelco
1270,andil
1270,andilco
1271,pci
1271,pct
1271,pca
1271,ppck
1272,rescom
1272,ruscon
1272,ruscin
1272,ruskin
1273,hoco
1273,hawk
1274,loon
1274,lane
1274,lom
1274,lyon
1275,crch
1275,crc
1275,craic
1275,crhc
1276,nor land
1276,norlan
1280,admore
1280,admiral
1280,admire
1280,admir
1280,admoral
1281,kalia
1281,khalia
1281,kalia
1281,calia
1281,chalia
1281,chila
1281,kalae
1281,kalu
1281,keil
1281,keyless
1281,cello
1281,chawla
1282,rose
1282,rhose
1283,jerome
1283,jerry
1283,gerry
1283,gerome
1283,jaron
1283,jermiah
1283,jeremiah
1283,jeremi
1283,jeremy
1283,gerr
1284,chia
1284,chiya
1284,choi
1284,chiyu
1284,chai
1284,chi
1284,cai
1285,ya 
1285,yan
1285,ying
1286,nichol
1286,nicholas
1286,nikkel
1286,nichols
1286,nicholi
1286,nic
1286,nick
1286,nicole
1287,jim
1287,jimmy
1287,james
1287,jimm
1287,jaime
1287,jameison
1287,jaimeson
1287,jamey
1287,gemma
1287,jame
1288,barrie
1288,barry
1288,barri
1289,rosalie
1289,rosa
1289,rosemary
1289,rosalyne
1289,ross
1289,rose
1290,wight
1290,wite
1290,wait
1290,watts
1290,waite
1290,wat
1291,fawell
1291,fales
1292,higgens
1292,hagen
1292,hogan
1292,hoggan
1292,haggen
1293,chung
1293,cheung
1293,chang
1293,cheong
1293,chiong
1294,chen
1294,chan
1295,kenneth
1295,kenn
1295,ken
1295,kent
1296,amanda 
1296,mandy
1297,westeringh
1297,westergaard
1298,elizabeth
1298,liz
1298,liza
1298,lisa
1298,lisa
1298,elisabeth
1299,beck
1299,beca
1299,bek
1299,bayco
1300,brandon
1300,brendin
1300,brendan
1301,loewn
1301,leona
1301,lans
1301,leemhuis
1301,lum
1302,riddoch
1302,radeka
1302,radke
1302,roddock
1302,reddick
1302,ruddock
1303,ted
1303,eddie
1303,edd
1303,ed
1303,edward
1304,abby
1304,gale
1305,skytte
1305,scott
1306,sonia
1306,sonya
1306,seema
1307,torres
1307,tore
1307,tiera
1307,thiara
1307,towers
1307,tyers
1308,noel
1308,neels
1309,lewis
1309,lau
1309,louis
1309,lawes
1310,gill
1310,guolo
1310,gilles
1310,gil
1311,jaswant
1311,joshwin
1312,emily
1312,emma
1312,emi
1313,kyle
1313,kial
1313,kyla
1314,kaine
1314,cain
1314,kane
1314,cane
